packages/babel-plugin/LICENSE	adapters/build/babel-plugin/LICENSE
packages/babel-plugin/NOTICE	adapters/build/babel-plugin/NOTICE
packages/babel-plugin/README.md	adapters/build/babel-plugin/README.md
packages/babel-plugin/package.json	adapters/build/babel-plugin/package.json
packages/babel-plugin/src/dom-tags.ts	adapters/build/babel-plugin/src/dom-tags.ts
packages/babel-plugin/src/index.test.ts	adapters/build/babel-plugin/src/index.test.ts
packages/babel-plugin/src/index.ts	adapters/build/babel-plugin/src/index.ts
packages/babel-plugin/tsconfig.json	adapters/build/babel-plugin/tsconfig.json
packages/browser/LICENSE	adapters/build/next/LICENSE
packages/browser/NOTICE	adapters/realm/browser/NOTICE
packages/browser/README.md	adapters/realm/browser/README.md
packages/browser/package.json	adapters/realm/browser/package.json
packages/browser/scripts/embed-heroicons.mjs	adapters/realm/browser/scripts/embed-heroicons.mjs
packages/browser/src/actions/actions-dom.ts	adapters/realm/browser/src/actions/actions-dom.ts
packages/browser/src/actions/actions-press.ts	adapters/realm/browser/src/actions/actions-press.ts
packages/browser/src/actions/actions.auto-anchor.test.ts	adapters/realm/browser/src/actions/actions.auto-anchor.test.ts
packages/browser/src/actions/actions.check.test.ts	adapters/realm/browser/src/actions/actions.check.test.ts
packages/browser/src/actions/actions.click.test.ts	adapters/realm/browser/src/actions/actions.click.test.ts
packages/browser/src/actions/actions.danger-context.test.ts	adapters/realm/browser/src/actions/actions.danger-context.test.ts
packages/browser/src/actions/actions.drag-boundary.test.ts	adapters/realm/browser/src/actions/actions.drag-boundary.test.ts
packages/browser/src/actions/actions.drag-geometry.test.ts	adapters/realm/browser/src/actions/actions.drag-geometry.test.ts
packages/browser/src/actions/actions.drag-target.test.ts	adapters/realm/browser/src/actions/actions.drag-target.test.ts
packages/browser/src/actions/actions.effect.test.ts	adapters/realm/browser/src/actions/actions.effect.test.ts
packages/browser/src/actions/actions.interactions.test.ts	adapters/realm/browser/src/actions/actions.interactions.test.ts
packages/browser/src/actions/actions.press-code.test.ts	adapters/realm/browser/src/actions/actions.press-code.test.ts
packages/browser/src/actions/actions.press-key.test.ts	adapters/realm/browser/src/actions/actions.press-key.test.ts
packages/browser/src/actions/actions.press-modifiers.test.ts	adapters/realm/browser/src/actions/actions.press-modifiers.test.ts
packages/browser/src/actions/actions.settle-bound.test.ts	adapters/realm/browser/src/actions/actions.settle-bound.test.ts
packages/browser/src/actions/actions.settle-causality.test.ts	adapters/realm/browser/src/actions/actions.settle-causality.test.ts
packages/browser/src/actions/actions.ts	adapters/realm/browser/src/actions/actions.ts
packages/browser/src/actions/adversarial.check.test.ts	adapters/realm/browser/src/actions/adversarial.check.test.ts
packages/browser/src/actions/appeared-text.ts	adapters/realm/browser/src/actions/appeared-text.ts
packages/browser/src/actions/danger-context.ts	adapters/realm/browser/src/actions/danger-context.ts
packages/browser/src/actions/scroll.test.ts	adapters/realm/browser/src/actions/scroll.test.ts
packages/browser/src/actions/synthetic-input.ts	adapters/realm/browser/src/actions/synthetic/synthetic-input.ts
packages/browser/src/actions/value-input.ts	adapters/realm/browser/src/actions/value-input.ts
packages/browser/src/commands/animations-target.test.ts	adapters/realm/browser/src/commands/animations-target.test.ts
packages/browser/src/commands/commands.test.ts	adapters/realm/browser/src/commands/commands.test.ts
packages/browser/src/commands/commands.ts	adapters/realm/browser/src/commands/commands.ts
packages/browser/src/commands/commands.upload-inspect.test.ts	adapters/realm/browser/src/commands/commands.upload-inspect.test.ts
packages/browser/src/connect-options.ts	adapters/realm/browser/src/connect-options.ts
packages/browser/src/core-boundary.test.ts	adapters/realm/browser/src/core-boundary.test.ts
packages/browser/src/dom/a11y.security.test.ts	adapters/realm/browser/src/dom/a11y.security.test.ts
packages/browser/src/dom/a11y.test.ts	adapters/realm/browser/src/dom/a11y.test.ts
packages/browser/src/dom/a11y.ts	adapters/realm/browser/src/dom/a11y.ts
packages/browser/src/dom/auto-anchor.test.ts	adapters/realm/browser/src/dom/addressing/auto-anchor.test.ts
packages/browser/src/dom/auto-anchor.ts	adapters/realm/browser/src/dom/addressing/auto-anchor.ts
packages/browser/src/dom/browser.test.ts	adapters/realm/browser/src/dom/browser.test.ts
packages/browser/src/dom/chart.test.ts	adapters/realm/browser/src/dom/chart.test.ts
packages/browser/src/dom/chart.ts	adapters/realm/browser/src/dom/chart.ts
packages/browser/src/dom/desktop-capture.test.ts	adapters/realm/browser/src/dom/desktop-capture.test.ts
packages/browser/src/dom/desktop-capture.ts	adapters/realm/browser/src/dom/desktop-capture.ts
packages/browser/src/dom/dom-ignore.test.ts	adapters/realm/browser/src/dom/dom-ignore.test.ts
packages/browser/src/dom/dom-ignore.ts	adapters/realm/browser/src/dom/dom-ignore.ts
packages/browser/src/dom/in-viewport.test.ts	adapters/realm/browser/src/dom/in-viewport.test.ts
packages/browser/src/dom/overlay-hiding-page.test.ts	adapters/realm/browser/src/dom/overlay-hiding-page.test.ts
packages/browser/src/dom/presenter-hatch.test.ts	adapters/realm/browser/src/dom/presenter-hatch.test.ts
packages/browser/src/dom/query.component.test.ts	adapters/realm/browser/src/dom/query.component.test.ts
packages/browser/src/dom/query.count.test.ts	adapters/realm/browser/src/dom/query.count.test.ts
packages/browser/src/dom/query.name-near-miss.test.ts	adapters/realm/browser/src/dom/query.name-near-miss.test.ts
packages/browser/src/dom/query.name-parity.test.ts	adapters/realm/browser/src/dom/query.name-parity.test.ts
packages/browser/src/dom/query.name-roundtrip.test.ts	adapters/realm/browser/src/dom/query.name-roundtrip.test.ts
packages/browser/src/dom/query.observer.test.ts	adapters/realm/browser/src/dom/query.observer.test.ts
packages/browser/src/dom/query.role-coverage.test.ts	adapters/realm/browser/src/dom/query.role-coverage.test.ts
packages/browser/src/dom/query.scope-root.test.ts	adapters/realm/browser/src/dom/query.scope-root.test.ts
packages/browser/src/dom/query.test.ts	adapters/realm/browser/src/dom/query.test.ts
packages/browser/src/dom/query.ts	adapters/realm/browser/src/dom/query.ts
packages/browser/src/dom/query.unicode.test.ts	adapters/realm/browser/src/dom/query.unicode.test.ts
packages/browser/src/dom/realm.test.ts	adapters/realm/browser/src/dom/realm.test.ts
packages/browser/src/dom/realm.ts	adapters/realm/browser/src/dom/realm.ts
packages/browser/src/dom/refs.navigation.test.ts	adapters/realm/browser/src/dom/refs.navigation.test.ts
packages/browser/src/dom/refs.test.ts	adapters/realm/browser/src/dom/addressing/refs.test.ts
packages/browser/src/dom/refs.ts	adapters/realm/browser/src/dom/addressing/refs.ts
packages/browser/src/dom/shadow-registry.test.ts	adapters/realm/browser/src/dom/shadow-registry.test.ts
packages/browser/src/dom/shadow-registry.ts	adapters/realm/browser/src/dom/shadow-registry.ts
packages/browser/src/dom/snapshot-hidden-page.test.ts	adapters/realm/browser/src/dom/snapshot-hidden-page.test.ts
packages/browser/src/dom/snapshot-own-hud.test.ts	adapters/realm/browser/src/dom/snapshot-own-hud.test.ts
packages/browser/src/dom/snapshot-own-text.test.ts	adapters/realm/browser/src/dom/snapshot-own-text.test.ts
packages/browser/src/dom/snapshot.dead-root.test.ts	adapters/realm/browser/src/dom/snapshot.dead-root.test.ts
packages/browser/src/dom/snapshot.pierce.test.ts	adapters/realm/browser/src/dom/snapshot.pierce.test.ts
packages/browser/src/dom/snapshot.ts	adapters/realm/browser/src/dom/snapshot.ts
packages/browser/src/dom/snapshot.unread.test.ts	adapters/realm/browser/src/dom/snapshot.unread.test.ts
packages/browser/src/dom/source.stamps.test.ts	adapters/realm/browser/src/dom/source.stamps.test.ts
packages/browser/src/dom/source.test.ts	adapters/realm/browser/src/dom/addressing/source.test.ts
packages/browser/src/dom/source.ts	adapters/realm/browser/src/dom/addressing/source.ts
packages/browser/src/dom/theme.test.ts	adapters/realm/browser/src/dom/theme.test.ts
packages/browser/src/dom/theme.ts	adapters/realm/browser/src/dom/theme.ts
packages/browser/src/dom/virtualized.test.ts	adapters/realm/browser/src/dom/virtualized.test.ts
packages/browser/src/dom/virtualized.ts	adapters/realm/browser/src/dom/virtualized.ts
packages/browser/src/edit-epoch.test.ts	adapters/realm/browser/src/edit-epoch.test.ts
packages/browser/src/edit-epoch.ts	adapters/realm/browser/src/edit-epoch.ts
packages/browser/src/index.ts	adapters/realm/browser/src/index.ts
packages/browser/src/observers/animation.test.ts	adapters/realm/browser/src/observers/animation.test.ts
packages/browser/src/observers/animation.ts	adapters/realm/browser/src/observers/animation.ts
packages/browser/src/observers/blind-spots.test.ts	adapters/realm/browser/src/observers/blind-spots.test.ts
packages/browser/src/observers/blind-spots.ts	adapters/realm/browser/src/observers/blind-spots.ts
packages/browser/src/observers/console.test.ts	adapters/realm/browser/src/observers/console.test.ts
packages/browser/src/observers/console.ts	adapters/realm/browser/src/observers/console.ts
packages/browser/src/observers/context-open.test.ts	adapters/realm/browser/src/observers/context-open.test.ts
packages/browser/src/observers/context-open.ts	adapters/realm/browser/src/observers/context-open.ts
packages/browser/src/observers/departure.test.ts	adapters/realm/browser/src/observers/departure.test.ts
packages/browser/src/observers/departure.ts	adapters/realm/browser/src/observers/departure.ts
packages/browser/src/observers/dialogs.test.ts	adapters/realm/browser/src/observers/dialogs.test.ts
packages/browser/src/observers/dialogs.ts	adapters/realm/browser/src/observers/dialogs.ts
packages/browser/src/observers/dom.oldvalue.test.ts	adapters/realm/browser/src/observers/dom.oldvalue.test.ts
packages/browser/src/observers/dom.text.test.ts	adapters/realm/browser/src/observers/dom.text.test.ts
packages/browser/src/observers/dom.truncation.test.ts	adapters/realm/browser/src/observers/dom.truncation.test.ts
packages/browser/src/observers/dom.ts	adapters/realm/browser/src/observers/dom.ts
packages/browser/src/observers/download.test.ts	adapters/realm/browser/src/observers/download.test.ts
packages/browser/src/observers/download.ts	adapters/realm/browser/src/observers/download.ts
packages/browser/src/observers/focus.test.ts	adapters/realm/browser/src/observers/focus.test.ts
packages/browser/src/observers/focus.ts	adapters/realm/browser/src/observers/focus.ts
packages/browser/src/observers/foreign-wrapper-survives.test.ts	adapters/realm/browser/src/observers/foreign-wrapper-survives.test.ts
packages/browser/src/observers/frames.test.ts	adapters/realm/browser/src/observers/frames.test.ts
packages/browser/src/observers/frames.ts	adapters/realm/browser/src/observers/frames.ts
packages/browser/src/observers/health.test.ts	adapters/realm/browser/src/observers/health.test.ts
packages/browser/src/observers/health.ts	adapters/realm/browser/src/observers/health.ts
packages/browser/src/observers/install-all.test.ts	adapters/realm/browser/src/observers/install-all.test.ts
packages/browser/src/observers/install-all.ts	adapters/realm/browser/src/observers/install-all.ts
packages/browser/src/observers/ipc.self-observation.test.ts	adapters/realm/browser/src/observers/ipc.self-observation.test.ts
packages/browser/src/observers/ipc.test.ts	adapters/realm/browser/src/observers/ipc.test.ts
packages/browser/src/observers/ipc.ts	adapters/realm/browser/src/observers/ipc.ts
packages/browser/src/observers/navigation.test.ts	adapters/realm/browser/src/observers/navigation.test.ts
packages/browser/src/observers/navigation.ts	adapters/realm/browser/src/observers/navigation.ts
packages/browser/src/observers/network-body.ts	adapters/realm/browser/src/observers/net-detail/network-body.ts
packages/browser/src/observers/network-error-bodies.test.ts	adapters/realm/browser/src/observers/network-error-bodies.test.ts
packages/browser/src/observers/network-redact.presigned.test.ts	adapters/realm/browser/src/observers/network-redact.presigned.test.ts
packages/browser/src/observers/network-redact.ts	adapters/realm/browser/src/observers/net-detail/network-redact.ts
packages/browser/src/observers/network-stream.ts	adapters/realm/browser/src/observers/network-stream.ts
packages/browser/src/observers/network.initiator-frame.test.ts	adapters/realm/browser/src/observers/network.initiator-frame.test.ts
packages/browser/src/observers/network.streaming.test.ts	adapters/realm/browser/src/observers/network.streaming.test.ts
packages/browser/src/observers/network.test.ts	adapters/realm/browser/src/observers/network.test.ts
packages/browser/src/observers/network.ts	adapters/realm/browser/src/observers/network.ts
packages/browser/src/observers/network.wrapper-blindspot.test.ts	adapters/realm/browser/src/observers/network.wrapper-blindspot.test.ts
packages/browser/src/observers/observation-never-throws.test.ts	adapters/realm/browser/src/observers/observation-never-throws.test.ts
packages/browser/src/observers/perf.test.ts	adapters/realm/browser/src/observers/perf.test.ts
packages/browser/src/observers/perf.ts	adapters/realm/browser/src/observers/perf.ts
packages/browser/src/observers/route.test.ts	adapters/realm/browser/src/observers/route.test.ts
packages/browser/src/observers/route.ts	adapters/realm/browser/src/observers/route.ts
packages/browser/src/observers/scroll.test.ts	adapters/realm/browser/src/observers/scroll.test.ts
packages/browser/src/observers/scroll.ts	adapters/realm/browser/src/observers/scroll.ts
packages/browser/src/observers/sdk-failure.test.ts	adapters/realm/browser/src/observers/sdk-failure.test.ts
packages/browser/src/observers/sdk-failure.ts	adapters/realm/browser/src/observers/sdk-failure.ts
packages/browser/src/observers/state.test.ts	adapters/realm/browser/src/observers/state.test.ts
packages/browser/src/observers/state.ts	adapters/realm/browser/src/observers/state.ts
packages/browser/src/observers/storage.noop-write.test.ts	adapters/realm/browser/src/observers/storage.noop-write.test.ts
packages/browser/src/observers/storage.test.ts	adapters/realm/browser/src/observers/storage.test.ts
packages/browser/src/observers/storage.ts	adapters/realm/browser/src/observers/storage.ts
packages/browser/src/observers/storage.write.test.ts	adapters/realm/browser/src/observers/storage.write.test.ts
packages/browser/src/observers/types.ts	adapters/realm/browser/src/observers/types.ts
packages/browser/src/orphan-modules.test.ts	adapters/realm/browser/src/orphan-modules.test.ts
packages/browser/src/patching/capture-method.ts	adapters/realm/browser/src/patching/capture-method.ts
packages/browser/src/presenter/hud-buttons-are-clickable.test.ts	adapters/realm/browser/src/presenter/hud-buttons-are-clickable.test.ts
packages/browser/src/presenter/hud-hostile.test.ts	adapters/realm/browser/src/presenter/hud-hostile.test.ts
packages/browser/src/presenter/hud-panel-role.test.ts	adapters/realm/browser/src/presenter/hud-panel-role.test.ts
packages/browser/src/presenter/overlay.ts	adapters/realm/browser/src/presenter/chrome/overlay.ts
packages/browser/src/presenter/presenter-brand.ts	adapters/realm/browser/src/presenter/chrome/presenter-brand.ts
packages/browser/src/presenter/presenter-chat-default.test.ts	adapters/realm/browser/src/presenter/presenter-chat-default.test.ts
packages/browser/src/presenter/presenter-config.ts	adapters/realm/browser/src/presenter/presenter-config.ts
packages/browser/src/presenter/presenter-controls.test.ts	adapters/realm/browser/src/presenter/presenter-controls.test.ts
packages/browser/src/presenter/presenter-controls.ts	adapters/realm/browser/src/presenter/presenter-controls.ts
packages/browser/src/presenter/presenter-dead-exports.test.ts	adapters/realm/browser/src/presenter/presenter-dead-exports.test.ts
packages/browser/src/presenter/presenter-defect-link.test.ts	adapters/realm/browser/src/presenter/presenter-defect-link.test.ts
packages/browser/src/presenter/presenter-dock-layout.test.ts	adapters/realm/browser/src/presenter/presenter-dock-layout.test.ts
packages/browser/src/presenter/presenter-dock-layout.ts	adapters/realm/browser/src/presenter/presenter-dock-layout.ts
packages/browser/src/presenter/presenter-drag.test.ts	adapters/realm/browser/src/presenter/presenter-drag.test.ts
packages/browser/src/presenter/presenter-drag.ts	adapters/realm/browser/src/presenter/presenter-drag.ts
packages/browser/src/presenter/presenter-effects.ts	adapters/realm/browser/src/presenter/chrome/presenter-effects.ts
packages/browser/src/presenter/presenter-glow.ts	adapters/realm/browser/src/presenter/presenter-glow.ts
packages/browser/src/presenter/presenter-heroicons-data.ts	adapters/realm/browser/src/presenter/icons/presenter-heroicons-data.ts
packages/browser/src/presenter/presenter-hud-chrome.ts	adapters/realm/browser/src/presenter/chrome/presenter-hud-chrome.ts
packages/browser/src/presenter/presenter-icons.test.ts	adapters/realm/browser/src/presenter/icons/presenter-icons.test.ts
packages/browser/src/presenter/presenter-icons.ts	adapters/realm/browser/src/presenter/icons/presenter-icons.ts
packages/browser/src/presenter/presenter-lifecycle.test.ts	adapters/realm/browser/src/presenter/presenter-lifecycle.test.ts
packages/browser/src/presenter/presenter-log.ts	adapters/realm/browser/src/presenter/chrome/presenter-log.ts
packages/browser/src/presenter/presenter-no-composer.test.ts	adapters/realm/browser/src/presenter/presenter-no-composer.test.ts
packages/browser/src/presenter/presenter-pace.test.ts	adapters/realm/browser/src/presenter/presenter-pace.test.ts
packages/browser/src/presenter/presenter-report-account.test.ts	adapters/realm/browser/src/presenter/presenter-report-account.test.ts
packages/browser/src/presenter/presenter-report-copy.ts	adapters/realm/browser/src/presenter/chrome/presenter-report-copy.ts
packages/browser/src/presenter/presenter-report-styles.ts	adapters/realm/browser/src/presenter/presenter-report-styles.ts
packages/browser/src/presenter/presenter-report.test.ts	adapters/realm/browser/src/presenter/presenter-report.test.ts
packages/browser/src/presenter/presenter-report.ts	adapters/realm/browser/src/presenter/presenter-report.ts
packages/browser/src/presenter/presenter-run-state.ts	adapters/realm/browser/src/presenter/presenter-run-state.ts
packages/browser/src/presenter/presenter-settings-styles.ts	adapters/realm/browser/src/presenter/presenter-settings-styles.ts
packages/browser/src/presenter/presenter-settings.test.ts	adapters/realm/browser/src/presenter/presenter-settings.test.ts
packages/browser/src/presenter/presenter-settings.ts	adapters/realm/browser/src/presenter/presenter-settings.ts
packages/browser/src/presenter/presenter-shell-styles.ts	adapters/realm/browser/src/presenter/presenter-shell-styles.ts
packages/browser/src/presenter/presenter-shell.test.ts	adapters/realm/browser/src/presenter/presenter-shell.test.ts
packages/browser/src/presenter/presenter-shell.ts	adapters/realm/browser/src/presenter/presenter-shell.ts
packages/browser/src/presenter/presenter-styles.ts	adapters/realm/browser/src/presenter/presenter-styles.ts
packages/browser/src/presenter/presenter-tally.test.ts	adapters/realm/browser/src/presenter/chrome/presenter-tally.test.ts
packages/browser/src/presenter/presenter-tally.ts	adapters/realm/browser/src/presenter/chrome/presenter-tally.ts
packages/browser/src/presenter/presenter-test-helpers.ts	adapters/realm/browser/src/presenter/presenter.test-helpers.ts
packages/browser/src/presenter/presenter-tooltip-stacking.test.ts	adapters/realm/browser/src/presenter/presenter-tooltip-stacking.test.ts
packages/browser/src/presenter/presenter-unreachable.test.ts	adapters/realm/browser/src/presenter/presenter-unreachable.test.ts
packages/browser/src/presenter/presenter-verbs.ts	adapters/realm/browser/src/presenter/chrome/presenter-verbs.ts
packages/browser/src/presenter/presenter-workspace.test.ts	adapters/realm/browser/src/presenter/presenter-workspace.test.ts
packages/browser/src/presenter/presenter-workspace.ts	adapters/realm/browser/src/presenter/presenter-workspace.ts
packages/browser/src/presenter/presenter.test.ts	adapters/realm/browser/src/presenter/presenter.test.ts
packages/browser/src/presenter/presenter.ts	adapters/realm/browser/src/presenter/presenter.ts
packages/browser/src/presenter/reticle-presenter.test.ts	adapters/realm/browser/src/presenter/reticle-presenter.test.ts
packages/browser/src/presenter/settings-are-wired.test.ts	adapters/realm/browser/src/presenter/settings-are-wired.test.ts
packages/browser/src/recorder/recorder-styles.ts	adapters/realm/browser/src/recorder/recorder-styles.ts
packages/browser/src/recorder/recorder.test.ts	adapters/realm/browser/src/recorder/recorder.test.ts
packages/browser/src/recorder/recorder.ts	adapters/realm/browser/src/recorder/recorder.ts
packages/browser/src/recorder/reticle-recorder.test.ts	adapters/realm/browser/src/recorder/reticle-recorder.test.ts
packages/browser/src/registry/adapters.test.ts	adapters/realm/browser/src/registry/stores/adapters.test.ts
packages/browser/src/registry/adapters.ts	adapters/realm/browser/src/registry/stores/adapters.ts
packages/browser/src/registry/auto-testids.test.ts	adapters/realm/browser/src/registry/auto-testids.test.ts
packages/browser/src/registry/auto-testids.ts	adapters/realm/browser/src/registry/auto-testids.ts
packages/browser/src/registry/capabilities.test.ts	adapters/realm/browser/src/registry/capabilities.test.ts
packages/browser/src/registry/capabilities.ts	adapters/realm/browser/src/registry/capabilities.ts
packages/browser/src/registry/commit-and-signal.test.ts	adapters/realm/browser/src/registry/commit-and-signal.test.ts
packages/browser/src/registry/commit-and-signal.ts	adapters/realm/browser/src/registry/commit-and-signal.ts
packages/browser/src/registry/domains.test.ts	adapters/realm/browser/src/registry/domains.test.ts
packages/browser/src/registry/domains.ts	adapters/realm/browser/src/registry/domains.ts
packages/browser/src/registry/emitter.test.ts	adapters/realm/browser/src/registry/emitter.test.ts
packages/browser/src/registry/emitter.ts	adapters/realm/browser/src/registry/emitter.ts
packages/browser/src/registry/store-adapters.live.test.ts	adapters/realm/browser/src/registry/store-adapters.live.test.ts
packages/browser/src/registry/store-adapters.test.ts	adapters/realm/browser/src/registry/store-adapters.test.ts
packages/browser/src/registry/store-adapters.ts	adapters/realm/browser/src/registry/store-adapters.ts
packages/browser/src/registry/stores.test.ts	adapters/realm/browser/src/registry/stores.test.ts
packages/browser/src/registry/stores.ts	adapters/realm/browser/src/registry/stores.ts
packages/browser/src/reticle-presenter-helpers.ts	adapters/realm/browser/src/reticle-presenter-helpers.ts
packages/browser/src/reticle-url-params.test.ts	adapters/realm/browser/src/reticle-url-params.test.ts
packages/browser/src/reticle.build-event.test.ts	adapters/realm/browser/src/reticle.build-event.test.ts
packages/browser/src/reticle.command-mode-classifier.test.ts	adapters/realm/browser/src/reticle.command-mode-classifier.test.ts
packages/browser/src/reticle.document-identity.test.ts	adapters/realm/browser/src/reticle.document-identity.test.ts
packages/browser/src/reticle.edit-epoch.test.ts	adapters/realm/browser/src/reticle.edit-epoch.test.ts
packages/browser/src/reticle.session.test.ts	adapters/realm/browser/src/reticle.session.test.ts
packages/browser/src/reticle.ts	adapters/realm/browser/src/reticle.ts
packages/browser/src/review/agent-drives-while-annotating.test.ts	adapters/realm/browser/src/review/agent-drives-while-annotating.test.ts
packages/browser/src/review/annotator-styles.ts	adapters/realm/browser/src/review/annotator-styles.ts
packages/browser/src/review/annotator.test.ts	adapters/realm/browser/src/review/annotator.test.ts
packages/browser/src/review/annotator.ts	adapters/realm/browser/src/review/annotator.ts
packages/browser/src/review/mark-anchor.test.ts	adapters/realm/browser/src/review/mark-anchor.test.ts
packages/browser/src/review/mark-anchor.ts	adapters/realm/browser/src/review/mark-anchor.ts
packages/browser/src/security/lossy-conformance.test.ts	adapters/realm/browser/src/security/lossy-conformance.test.ts
packages/browser/src/security/redaction-config.test.ts	adapters/realm/browser/src/security/redaction-config.test.ts
packages/browser/src/security/serialization.test.ts	adapters/realm/browser/src/security/serialization.test.ts
packages/browser/src/security/serialization.ts	adapters/realm/browser/src/security/serialization.ts
packages/browser/src/session-continuity.test.ts	adapters/realm/browser/src/session-continuity.test.ts
packages/browser/src/session-continuity.ts	adapters/realm/browser/src/session-continuity.ts
packages/browser/src/timers/clock.safety.test.ts	adapters/realm/browser/src/timers/clock.safety.test.ts
packages/browser/src/timers/clock.test.ts	adapters/realm/browser/src/timers/clock.test.ts
packages/browser/src/timers/clock.ts	adapters/realm/browser/src/timers/clock.ts
packages/browser/src/timers/native-console.test.ts	adapters/realm/browser/src/timers/console/native-console.test.ts
packages/browser/src/timers/native-console.ts	adapters/realm/browser/src/timers/console/native-console.ts
packages/browser/src/timers/native-timers.bound.test.ts	adapters/realm/browser/src/timers/native-timers.bound.test.ts
packages/browser/src/timers/native-timers.interval.test.ts	adapters/realm/browser/src/timers/native-timers.interval.test.ts
packages/browser/src/timers/native-timers.ts	adapters/realm/browser/src/timers/native/native-timers.ts
packages/browser/src/transport/transport.backoff.test.ts	adapters/realm/browser/src/transport/transport.backoff.test.ts
packages/browser/src/transport/transport.bridge-loss.test.ts	adapters/realm/browser/src/transport/transport.bridge-loss.test.ts
packages/browser/src/transport/transport.churn-eviction.test.ts	adapters/realm/browser/src/transport/transport.churn-eviction.test.ts
packages/browser/src/transport/transport.close-codes.test.ts	adapters/realm/browser/src/transport/transport.close-codes.test.ts
packages/browser/src/transport/transport.overflow-marker.test.ts	adapters/realm/browser/src/transport/transport.overflow-marker.test.ts
packages/browser/src/transport/transport.reconnect-on-focus.test.ts	adapters/realm/browser/src/transport/transport.reconnect-on-focus.test.ts
packages/browser/src/transport/transport.security.test.ts	adapters/realm/browser/src/transport/transport.security.test.ts
packages/browser/src/transport/transport.silent-drop.test.ts	adapters/realm/browser/src/transport/transport.silent-drop.test.ts
packages/browser/src/transport/transport.ts	adapters/realm/browser/src/transport/transport.ts
packages/browser/src/transport/transport.unreachable.test.ts	adapters/realm/browser/src/transport/transport.unreachable.test.ts
packages/browser/src/transport/unreachable-message.test.ts	adapters/realm/browser/src/transport/unreachable-message.test.ts
packages/browser/src/transport/unreachable-message.ts	adapters/realm/browser/src/transport/unreachable-message.ts
packages/browser/src/util/captured-method.ts	adapters/realm/browser/src/util/captured-method.ts
packages/browser/tsconfig.json	adapters/realm/browser/tsconfig.json
packages/core/LICENSE	adapters/build/vite/LICENSE
packages/core/NOTICE	adapters/build/next/NOTICE
packages/core/README.md	core/README.md
packages/core/package.json	core/package.json
packages/core/scripts/gen-desktop-contract.d.mts	core/scripts/gen-desktop-contract.d.mts
packages/core/scripts/gen-desktop-contract.mjs	core/scripts/gen-desktop-contract.mjs
packages/core/scripts/gen-schema.d.mts	core/scripts/gen-schema.d.mts
packages/core/scripts/gen-schema.mjs	core/scripts/gen-schema.mjs
packages/core/scripts/gen-source-constants.d.mts	core/scripts/gen-source-constants.d.mts
packages/core/scripts/gen-source-constants.mjs	core/scripts/gen-source-constants.mjs
packages/core/src/artifacts-entry.ts	core/src/artifacts/artifacts-entry.ts
packages/core/src/brand.ts	core/src/identity/brand.ts
packages/core/src/browser-misdirect.test.ts	core/src/words/browser-misdirect.test.ts
packages/core/src/browser-misdirect.ts	core/src/words/browser-misdirect.ts
packages/core/src/capabilities.test.ts	core/src/capabilities.test.ts
packages/core/src/consequence.test.ts	core/src/verdict/consequence.test.ts
packages/core/src/consequence.ts	core/src/verdict/consequence.ts
packages/core/src/constants.ts	core/src/wire/constants/constants.ts
packages/core/src/contract-fingerprint.test.ts	core/src/identity/contract-fingerprint.test.ts
packages/core/src/contract-fingerprint.ts	core/src/identity/contract-fingerprint.ts
packages/core/src/daemon-registry.test.ts	core/src/registry/daemon-registry.test.ts
packages/core/src/daemon-registry.ts	core/src/registry/daemon-registry.ts
packages/core/src/desktop-contract.test.ts	core/src/wire/desktop-contract.test.ts
packages/core/src/desktop-contract.ts	core/src/wire/desktop-contract.ts
packages/core/src/dev-server-registry.test.ts	core/src/registry/dev-server-registry.test.ts
packages/core/src/dev-server-registry.ts	core/src/registry/dev-server-registry.ts
packages/core/src/document-identity.test.ts	core/src/identity/document-identity.test.ts
packages/core/src/document-identity.ts	core/src/identity/document-identity.ts
packages/core/src/edit-epoch.test.ts	core/src/identity/edit-epoch.test.ts
packages/core/src/edit-epoch.ts	core/src/identity/edit-epoch.ts
packages/core/src/event-classification.ts	core/src/wire/event-classification.ts
packages/core/src/event-payloads.test.ts	core/src/wire/event-payloads.test.ts
packages/core/src/event-payloads.ts	core/src/wire/event-payloads.ts
packages/core/src/event-priority.ts	core/src/wire/event-priority.ts
packages/core/src/finding-fingerprint.test.ts	core/src/verdict/finding-fingerprint.test.ts
packages/core/src/finding-fingerprint.ts	core/src/verdict/finding-fingerprint.ts
packages/core/src/findings.test.ts	core/src/verdict/findings.test.ts
packages/core/src/findings.ts	core/src/verdict/findings.ts
packages/core/src/flow-constants.ts	core/src/artifacts/flow-constants.ts
packages/core/src/flow-types.ts	core/src/artifacts/flow-types.ts
packages/core/src/global-press.test.ts	core/src/wire/global-press.test.ts
packages/core/src/global-press.ts	core/src/wire/global-press.ts
packages/core/src/impact-savings.test.ts	core/src/artifacts/impact-savings.test.ts
packages/core/src/impact-savings.ts	core/src/artifacts/impact-savings.ts
packages/core/src/impact.ts	core/src/artifacts/impact.ts
packages/core/src/instrumentation-gap.test.ts	core/src/verdict/instrumentation-gap.test.ts
packages/core/src/instrumentation-gap.ts	core/src/verdict/instrumentation-gap.ts
packages/core/src/intent.test.ts	core/src/verdict/intent.test.ts
packages/core/src/intent.ts	core/src/verdict/intent.ts
packages/core/src/journal.test.ts	core/src/artifacts/journal.test.ts
packages/core/src/journal.ts	core/src/artifacts/journal.ts
packages/core/src/lossy-conformance.test.ts	core/src/lossy-conformance.test.ts
packages/core/src/messages.test.ts	core/src/wire/messages.test.ts
packages/core/src/messages.ts	core/src/wire/messages.ts
packages/core/src/net.test.ts	core/src/wire/net.test.ts
packages/core/src/net.ts	core/src/wire/net.ts
packages/core/src/no-session-reason.ts	core/src/words/no-session-reason.ts
packages/core/src/notices.ts	core/src/words/notices.ts
packages/core/src/orphan-modules.test.ts	core/src/orphan-modules.test.ts
packages/core/src/project-id.test.ts	core/src/identity/project-id.test.ts
packages/core/src/project-id.ts	core/src/identity/project-id.ts
packages/core/src/project-registry.test.ts	core/src/registry/project-registry.test.ts
packages/core/src/project-registry.ts	core/src/registry/project-registry.ts
packages/core/src/redaction-config.test.ts	core/src/redaction-config.test.ts
packages/core/src/redaction.fuzz.test.ts	core/src/wire/redaction.fuzz.test.ts
packages/core/src/redaction.passphrase.test.ts	core/src/wire/redaction.passphrase.test.ts
packages/core/src/redaction.presigned.test.ts	core/src/wire/redaction.presigned.test.ts
packages/core/src/redaction.shapes.test.ts	core/src/wire/redaction.shapes.test.ts
packages/core/src/redaction.ts	core/src/wire/redaction.ts
packages/core/src/run-context.test.ts	core/src/verdict/run-context.test.ts
packages/core/src/run-context.ts	core/src/verdict/run-context.ts
packages/core/src/security.test.ts	core/src/verdict/security.test.ts
packages/core/src/security.ts	core/src/verdict/security.ts
packages/core/src/session-constants.ts	core/src/wire/constants/session-constants.ts
packages/core/src/source-constants.test.ts	core/src/identity/source-constants.test.ts
packages/core/src/source-constants.ts	core/src/identity/source-constants.ts
packages/core/src/state-select.test.ts	core/src/wire/state-select.test.ts
packages/core/src/state-select.ts	core/src/wire/state-select.ts
packages/core/src/telemetry-entry.ts	core/src/telemetry-entry.ts
packages/core/src/telemetry-feedback.ts	core/src/telemetry-feedback.ts
packages/core/src/telemetry-license.ts	core/src/telemetry-license.ts
packages/core/src/telemetry-refusal.ts	core/src/telemetry-refusal.ts
packages/core/src/telemetry-session.ts	core/src/telemetry-session.ts
packages/core/src/telemetry.ts	core/src/telemetry.ts
packages/core/src/toon.test.ts	core/src/wire/toon.test.ts
packages/core/src/toon.ts	core/src/wire/toon.ts
packages/core/src/types.recorded.test.ts	core/src/wire/types.recorded.test.ts
packages/core/src/types.ts	core/src/wire/types.ts
packages/core/src/types.version.test.ts	core/src/wire/types.version.test.ts
packages/core/src/unreachable-notice.test.ts	core/src/words/unreachable-notice.test.ts
packages/core/src/unreachable-notice.ts	core/src/words/unreachable-notice.ts
packages/core/src/upgrade.test.ts	core/src/words/upgrade.test.ts
packages/core/src/upgrade.ts	core/src/words/upgrade.ts
packages/core/src/verification-run.test.ts	core/src/verdict/verification-run.test.ts
packages/core/src/verification-run.ts	core/src/verdict/verification-run.ts
packages/core/src/verified-constants.ts	core/src/verdict/verified-constants.ts
packages/core/src/verify-progress.test.ts	core/src/verdict/verify-progress.test.ts
packages/core/src/verify-progress.ts	core/src/verdict/verify-progress.ts
packages/core/tsconfig.json	open-verification/tsconfig.json
packages/electron/NOTICE	adapters/build/vite/NOTICE
packages/electron/README.md	adapters/realm/electron/README.md
packages/electron/main.cjs	adapters/realm/electron/main.cjs
packages/electron/package.json	adapters/realm/electron/package.json
packages/electron/preload.cjs	adapters/realm/electron/preload.cjs
packages/electron/preload.test.mjs	adapters/realm/electron/preload.test.mjs
packages/eslint-plugin/LICENSE	adapters/framework/react/LICENSE
packages/eslint-plugin/NOTICE	adapters/framework/react/NOTICE
packages/eslint-plugin/README.md	adapters/lint/eslint/README.md
packages/eslint-plugin/package.json	adapters/lint/eslint/package.json
packages/eslint-plugin/src/constants.ts	adapters/lint/eslint/src/constants.ts
packages/eslint-plugin/src/index.ts	adapters/lint/eslint/src/index.ts
packages/eslint-plugin/src/no-internal-tags.test.ts	adapters/lint/eslint/src/no-internal-tags.test.ts
packages/eslint-plugin/src/no-internal-tags.ts	adapters/lint/eslint/src/no-internal-tags.ts
packages/eslint-plugin/src/options.ts	adapters/lint/eslint/src/options.ts
packages/eslint-plugin/src/orphan-modules.test.ts	adapters/lint/eslint/src/orphan-modules.test.ts
packages/eslint-plugin/src/require-signal-on-mutation.test.ts	adapters/lint/eslint/src/require-signal-on-mutation.test.ts
packages/eslint-plugin/src/require-signal-on-mutation.ts	adapters/lint/eslint/src/require-signal-on-mutation.ts
packages/eslint-plugin/src/unlinted-dirs.test.ts	adapters/lint/eslint/src/unlinted-dirs.test.ts
packages/eslint-plugin/tsconfig.json	adapters/lint/eslint/tsconfig.json
packages/init/LICENSE	init/LICENSE
packages/init/NOTICE	adapters/lint/eslint/NOTICE
packages/init/README.md	init/README.md
packages/init/package.json	init/package.json
packages/init/src/agent-contract-consent.test.ts	init/src/agent-contract-consent.test.ts
packages/init/src/agent-rules-refresh.test.ts	init/src/agent-rules-refresh.test.ts
packages/init/src/agent-rules.test.ts	init/src/project/agent-rules.test.ts
packages/init/src/agent-rules.ts	init/src/project/agent-rules.ts
packages/init/src/app-choice.test.ts	init/src/detect/declared/app-choice.test.ts
packages/init/src/app-choice.ts	init/src/detect/declared/app-choice.ts
packages/init/src/astro-host.test.ts	init/src/patch/astro-host.test.ts
packages/init/src/astro-host.ts	init/src/patch/astro-host.ts
packages/init/src/astro-patch.test.ts	init/src/patch/astro-patch.test.ts
packages/init/src/astro-patch.ts	init/src/patch/astro-patch.ts
packages/init/src/brace-scan.ts	init/src/patch/brace-scan.ts
packages/init/src/capabilities-every-framework.test.ts	init/src/capabilities-every-framework.test.ts
packages/init/src/capabilities.test.ts	init/src/detect/capabilities.test.ts
packages/init/src/capabilities.ts	init/src/detect/capabilities.ts
packages/init/src/closing-hint.ts	init/src/diagnose/closing-hint.ts
packages/init/src/closing-is-an-instruction.test.ts	init/src/closing-is-an-instruction.test.ts
packages/init/src/codex-toml.test.ts	init/src/register/codex-toml.test.ts
packages/init/src/codex-toml.ts	init/src/register/codex-toml.ts
packages/init/src/connect-steps.test.ts	init/src/plan/connect-steps.test.ts
packages/init/src/connect-steps.ts	init/src/plan/connect-steps.ts
packages/init/src/cra.test.ts	init/src/patch/cra.test.ts
packages/init/src/cra.ts	init/src/patch/cra.ts
packages/init/src/csp-check.test.ts	init/src/diagnose/csp-check.test.ts
packages/init/src/csp-check.ts	init/src/diagnose/csp-check.ts
packages/init/src/csp-doctor.test.ts	init/src/diagnose/csp-doctor.test.ts
packages/init/src/csp-doctor.ts	init/src/diagnose/csp-doctor.ts
packages/init/src/csp-inline-script.test.ts	init/src/csp-inline-script.test.ts
packages/init/src/csp-step.test.ts	init/src/csp-step.test.ts
packages/init/src/desktop-doctor.test.ts	init/src/diagnose/desktop-doctor.test.ts
packages/init/src/desktop-doctor.ts	init/src/diagnose/desktop-doctor.ts
packages/init/src/detect.test.ts	init/src/detect/detect.test.ts
packages/init/src/detect.ts	init/src/detect/detect.ts
packages/init/src/dev-script.test.ts	init/src/detect/dev-script.test.ts
packages/init/src/dev-script.ts	init/src/detect/dev-script.ts
packages/init/src/dev-server-policy-single-source.test.ts	init/src/dev-server-policy-single-source.test.ts
packages/init/src/dev-server-ports.ts	init/src/detect/dev-server-ports.ts
packages/init/src/django-init.test.ts	init/src/django-init.test.ts
packages/init/src/electron-patch.test.ts	init/src/patch/electron-patch.test.ts
packages/init/src/electron-patch.ts	init/src/patch/electron-patch.ts
packages/init/src/electron-vite-patch.test.ts	init/src/patch/electron-vite-patch.test.ts
packages/init/src/electron-vite-patch.ts	init/src/patch/electron-vite-patch.ts
packages/init/src/existing-config.ts	init/src/detect/existing-config.ts
packages/init/src/format-generated.test.ts	init/src/patch/format-generated.test.ts
packages/init/src/format-generated.ts	init/src/patch/format-generated.ts
packages/init/src/framework-adapter.test.ts	init/src/plan/framework-adapter.test.ts
packages/init/src/framework-adapter.ts	init/src/plan/framework-adapter.ts
packages/init/src/frozen-port.test.ts	init/src/frozen-port.test.ts
packages/init/src/host.ts	init/src/host.ts
packages/init/src/html-no-build.test.ts	init/src/html-no-build.test.ts
packages/init/src/init-failure.ts	init/src/diagnose/init-failure.ts
packages/init/src/init-opt-out.test.ts	init/src/detect/declared/init-opt-out.test.ts
packages/init/src/init-opt-out.ts	init/src/detect/declared/init-opt-out.ts
packages/init/src/install-hint.test.ts	init/src/diagnose/install-hint.test.ts
packages/init/src/install-hint.ts	init/src/diagnose/install-hint.ts
packages/init/src/install-retries.ts	init/src/diagnose/install-retries.ts
packages/init/src/install-source-config.ts	init/src/project/install-source-config.ts
packages/init/src/lockfiles.ts	init/src/detect/lockfiles.ts
packages/init/src/mcp-clients.test.ts	init/src/register/mcp-clients.test.ts
packages/init/src/mcp-clients.ts	init/src/register/mcp-clients.ts
packages/init/src/mcp-registered.test.ts	init/src/register/mcp-registered.test.ts
packages/init/src/mcp-registered.ts	init/src/register/mcp-registered.ts
packages/init/src/mcp.test.ts	init/src/register/mcp.test.ts
packages/init/src/mcp.ts	init/src/register/mcp.ts
packages/init/src/next-capabilities-notice.test.ts	init/src/next-capabilities-notice.test.ts
packages/init/src/next-daemon-url.test.ts	init/src/next-daemon-url.test.ts
packages/init/src/next-patch.test.ts	init/src/patch/next-patch.test.ts
packages/init/src/next-patch.ts	init/src/patch/next-patch.ts
packages/init/src/node-io.test.ts	init/src/node-io.test.ts
packages/init/src/node-io.ts	init/src/node-io.ts
packages/init/src/non-js-project.test.ts	init/src/detect/non-js-project.test.ts
packages/init/src/non-js-project.ts	init/src/detect/non-js-project.ts
packages/init/src/non-localhost-guidance.test.ts	init/src/non-localhost-guidance.test.ts
packages/init/src/nuxt-patch.ts	init/src/patch/nuxt-patch.ts
packages/init/src/nuxt.test.ts	init/src/nuxt.test.ts
packages/init/src/one-bridge-url.test.ts	init/src/one-bridge-url.test.ts
packages/init/src/patch-kind.ts	init/src/patch/patch-kind.ts
packages/init/src/plan-electron-vite.ts	init/src/plan/plan-electron-vite.ts
packages/init/src/plan-framework.test.ts	init/src/plan/plan-framework.test.ts
packages/init/src/plan-framework.ts	init/src/plan/plan-framework.ts
packages/init/src/plan.test.ts	init/src/plan/plan.test.ts
packages/init/src/plan.ts	init/src/plan/plan.ts
packages/init/src/platform.ts	init/src/detect/platform.ts
packages/init/src/preflight.test.ts	init/src/plan/preflight.test.ts
packages/init/src/preflight.ts	init/src/plan/preflight.ts
packages/init/src/project-id.test.ts	init/src/project/project-id.test.ts
packages/init/src/project-id.ts	init/src/project/project-id.ts
packages/init/src/r3f-source-mapping.test.ts	init/src/r3f-source-mapping.test.ts
packages/init/src/react-kit-only-for-react.test.ts	init/src/react-kit-only-for-react.test.ts
packages/init/src/react-router-framework-mode.test.ts	init/src/react-router-framework-mode.test.ts
packages/init/src/refresh-rules.test.ts	init/src/project/refresh-rules.test.ts
packages/init/src/refresh-rules.ts	init/src/project/refresh-rules.ts
packages/init/src/remember-project.test.ts	init/src/project/remember-project.test.ts
packages/init/src/remember-project.ts	init/src/project/remember-project.ts
packages/init/src/restart-hint.test.ts	init/src/restart-hint.test.ts
packages/init/src/rules-carry-the-unfinished-job.test.ts	init/src/rules-carry-the-unfinished-job.test.ts
packages/init/src/rules-do-not-stop.test.ts	init/src/rules-do-not-stop.test.ts
packages/init/src/rules-name-the-escape-hatches.test.ts	init/src/rules-name-the-escape-hatches.test.ts
packages/init/src/run.test.ts	init/src/run.test.ts
packages/init/src/run.ts	init/src/run.ts
packages/init/src/skill-copies-agree.test.ts	init/src/skill-copies-agree.test.ts
packages/init/src/slash-command.ts	init/src/register/slash-command.ts
packages/init/src/snippet-token.test.ts	init/src/snippet-token.test.ts
packages/init/src/snippets-compile.test.ts	init/src/snippets-compile.test.ts
packages/init/src/snippets.ts	init/src/patch/snippets.ts
packages/init/src/streamlit-snippet.test.ts	init/src/streamlit-snippet.test.ts
packages/init/src/suggestion-is-not-registration.test.ts	init/src/suggestion-is-not-registration.test.ts
packages/init/src/tanstack-start.test.ts	init/src/patch/tanstack-start.test.ts
packages/init/src/tanstack-start.ts	init/src/patch/tanstack-start.ts
packages/init/src/unverified-note.test.ts	init/src/unverified-note.test.ts
packages/init/src/version.ts	init/src/version.ts
packages/init/src/vite-config.test.ts	init/src/patch/vite-config.test.ts
packages/init/src/vite-config.ts	init/src/patch/vite-config.ts
packages/init/src/vite-owning-config.ts	init/src/patch/vite-owning-config.ts
packages/init/src/webgl-canvas-limit.test.ts	init/src/webgl-canvas-limit.test.ts
packages/init/src/webpack4-cra.test.ts	init/src/webpack4-cra.test.ts
packages/init/src/windows-quote.test.ts	init/src/register/windows-quote.test.ts
packages/init/src/workspace-apps.test.ts	init/src/detect/workspace-apps.test.ts
packages/init/src/workspace-apps.ts	init/src/detect/workspace-apps.ts
packages/init/src/workspace-redirect.ts	init/src/detect/workspace-redirect.ts
packages/init/vitest.config.ts	server/vitest.config.ts
packages/next/LICENSE	adapters/lint/eslint/LICENSE
packages/next/NOTICE	adapters/realm/electron/NOTICE
packages/next/README.md	adapters/build/next/README.md
packages/next/index.cjs	adapters/build/next/index.cjs
packages/next/index.d.ts	adapters/build/next/index.d.ts
packages/next/index.test.mjs	adapters/build/next/index.test.mjs
packages/next/loader.cjs	adapters/build/next/loader.cjs
packages/next/loader.d.ts	adapters/build/next/loader.d.ts
packages/next/loader.test.mjs	adapters/build/next/loader.test.mjs
packages/next/package.json	adapters/build/next/package.json
packages/react/LICENSE	adapters/realm/browser/LICENSE
packages/react/NOTICE	core/NOTICE
packages/react/README.md	adapters/framework/react/README.md
packages/react/package.json	adapters/framework/react/package.json
packages/react/src/actions-controlled.test.ts	adapters/framework/react/src/actions-controlled.test.ts
packages/react/src/auto-stores.live.test.ts	adapters/framework/react/src/auto-stores.live.test.ts
packages/react/src/auto-stores.test.ts	adapters/framework/react/src/auto-stores.test.ts
packages/react/src/auto-stores.ts	adapters/framework/react/src/auto-stores.ts
packages/react/src/cdp-reader.test.ts	adapters/framework/react/src/cdp-reader.test.ts
packages/react/src/cdp-reader.ts	adapters/framework/react/src/cdp-reader.ts
packages/react/src/commit-aggregator.test.ts	adapters/framework/react/src/commit-aggregator.test.ts
packages/react/src/commit-aggregator.ts	adapters/framework/react/src/commit-aggregator.ts
packages/react/src/drag-select.test.ts	adapters/framework/react/src/drag-select.test.ts
packages/react/src/error-boundary.test.ts	adapters/framework/react/src/error-boundary.test.ts
packages/react/src/error-boundary.ts	adapters/framework/react/src/error-boundary.ts
packages/react/src/hydration-error.test.ts	adapters/framework/react/src/hydration-error.test.ts
packages/react/src/hydration-error.ts	adapters/framework/react/src/hydration-error.ts
packages/react/src/hydration.test.ts	adapters/framework/react/src/hydration.test.ts
packages/react/src/hydration.ts	adapters/framework/react/src/hydration.ts
packages/react/src/index.test.ts	adapters/framework/react/src/index.test.ts
packages/react/src/index.ts	adapters/framework/react/src/index.ts
packages/react/src/orphan-modules.test.ts	adapters/framework/react/src/orphan-modules.test.ts
packages/react/src/relative-to-root.test.ts	adapters/framework/react/src/relative-to-root.test.ts
packages/react/src/render-meter.test.ts	adapters/framework/react/src/render-meter.test.ts
packages/react/src/render-meter.ts	adapters/framework/react/src/render-meter.ts
packages/react/src/source-seam.test.ts	adapters/framework/react/src/source-seam.test.ts
packages/react/src/store.test.ts	adapters/framework/react/src/store.test.ts
packages/react/src/store.ts	adapters/framework/react/src/store.ts
packages/react/tsconfig.json	adapters/framework/react/tsconfig.json
packages/server/.env.example	server/.env.example
packages/server/LICENSE	server/LICENSE
packages/server/LICENSE-ENTERPRISE	server/LICENSE-ENTERPRISE
packages/server/README.md	server/README.md
packages/server/src/agent-presence.e2e.test.ts	server/src/agent-presence.e2e.test.ts
packages/server/src/bridge/auth-failure-reason.test.ts	server/src/portal/bridge/auth-failure-reason.test.ts
packages/server/src/bridge/auth-failure-reason.ts	server/src/portal/bridge/auth-failure-reason.ts
packages/server/src/bridge/bridge-security.ts	server/src/portal/bridge/bridge-security.ts
packages/server/src/bridge/bridge.act-and-wait.test.ts	server/src/portal/bridge/bridge.act-and-wait.test.ts
packages/server/src/bridge/bridge.gap-source.test.ts	server/src/portal/bridge/bridge.gap-source.test.ts
packages/server/src/bridge/bridge.record-replay.test.ts	server/src/portal/bridge/bridge.record-replay.test.ts
packages/server/src/bridge/bridge.replay.test.ts	server/src/portal/bridge/bridge.replay.test.ts
packages/server/src/bridge/bridge.security.test.ts	server/src/portal/bridge/bridge.security.test.ts
packages/server/src/bridge/bridge.test-harness.ts	server/src/portal/bridge/bridge.test-harness.ts
packages/server/src/bridge/bridge.test.ts	server/src/portal/bridge/bridge.test.ts
packages/server/src/bridge/bridge.ts	server/src/portal/bridge/bridge.ts
packages/server/src/bridge/pairing-token.test.ts	server/src/portal/bridge/pairing-token.test.ts
packages/server/src/bridge/pairing-token.ts	server/src/portal/bridge/pairing-token.ts
packages/server/src/bridge/protocol-skew.test.ts	server/src/portal/bridge/protocol-skew.test.ts
packages/server/src/bridge/protocol-skew.ts	server/src/portal/bridge/protocol-skew.ts
packages/server/src/bridge/refused-dial.test.ts	server/src/portal/bridge/refused-dial.test.ts
packages/server/src/bridge/token-auth.test.ts	server/src/portal/bridge/token-auth.test.ts
packages/server/src/bridge/token-auth.ts	server/src/portal/bridge/token-auth.ts
packages/server/src/bridge/token-source.test.ts	server/src/portal/bridge/token-source.test.ts
packages/server/src/capsule/capsule-store.test.ts	server/src/judgement/capsule/capsule-store.test.ts
packages/server/src/capsule/capsule-store.ts	server/src/judgement/capsule/capsule-store.ts
packages/server/src/capsule/capsule.ts	server/src/judgement/capsule/capsule.ts
packages/server/src/capsule/causal-summary.test.ts	server/src/judgement/capsule/causal-summary.test.ts
packages/server/src/capsule/causal-summary.ts	server/src/judgement/capsule/causal-summary.ts
packages/server/src/capsule/divergence.test.ts	server/src/judgement/capsule/divergence.test.ts
packages/server/src/capsule/divergence.ts	server/src/judgement/capsule/divergence.ts
packages/server/src/capsule/minimize.test.ts	server/src/judgement/capsule/minimize.test.ts
packages/server/src/capsule/minimize.ts	server/src/judgement/capsule/minimize.ts
packages/server/src/capsule/predicate-to-links.test.ts	engine/src/question/predicate/predicate-to-links.test.ts
packages/server/src/capsule/predicate-to-links.ts	engine/src/question/predicate/predicate-to-links.ts
packages/server/src/capsule/truncated-window.test.ts	server/src/judgement/capsule/truncated-window.test.ts
packages/server/src/chromium-launch-options.test.ts	server/src/chromium-launch-options.test.ts
packages/server/src/chromium-launch-options.ts	server/src/chromium-launch-options.ts
packages/server/src/cli.test.ts	server/src/cli.test.ts
packages/server/src/cli.ts	server/src/command/cli.ts
packages/server/src/cli/adhoc-verdict.test.ts	server/src/command/cli/adhoc-verdict.test.ts
packages/server/src/cli/adhoc-verdict.ts	server/src/command/cli/adhoc-verdict.ts
packages/server/src/cli/chromium-hint.test.ts	server/src/command/cli/doctor/browser/chromium-hint.test.ts
packages/server/src/cli/chromium-hint.ts	server/src/command/cli/doctor/browser/chromium-hint.ts
packages/server/src/cli/cli-doctor.ts	server/src/command/cli/cli-doctor.ts
packages/server/src/cli/cli-flow-commands.ts	server/src/command/cli/cli-flow-commands.ts
packages/server/src/cli/cli-kill.test.ts	server/src/command/cli/cli-kill.test.ts
packages/server/src/cli/cli-kill.ts	server/src/command/cli/cli-kill.ts
packages/server/src/cli/cli-launch.test.ts	server/src/command/cli/launch/cli-launch.test.ts
packages/server/src/cli/cli-launch.ts	server/src/command/cli/launch/cli-launch.ts
packages/server/src/cli/cli-parse-feedback.ts	server/src/command/cli/cli-parse-feedback.ts
packages/server/src/cli/cli-parse.ts	server/src/command/cli/cli-parse.ts
packages/server/src/cli/cli-port.test.ts	server/src/command/cli/ports/resolve/cli-port.test.ts
packages/server/src/cli/cli-port.ts	server/src/command/cli/ports/resolve/cli-port.ts
packages/server/src/cli/cli-update-commands.ts	server/src/command/cli/cli-update-commands.ts
packages/server/src/cli/cli-verify.test.ts	server/src/command/cli/cli-verify.test.ts
packages/server/src/cli/cli-verify.ts	server/src/command/cli/cli-verify.ts
packages/server/src/cli/cloud-cli-verbs.test.ts	server/src/command/cli/cloud-cli-verbs.test.ts
packages/server/src/cli/cloud-cli.test.ts	server/src/command/cli/cloud-cli.test.ts
packages/server/src/cli/cloud-cli.ts	server/src/command/cli/cloud-cli.ts
packages/server/src/cli/cloud-keystore.ts	server/src/command/cli/auth/cloud-keystore.ts
packages/server/src/cli/cloud-kit.ts	server/src/command/cli/cloud-kit.ts
packages/server/src/cli/cloud-login.ts	server/src/command/cli/cloud-login.ts
packages/server/src/cli/cloud-session.ts	server/src/command/cli/auth/cloud-session.ts
packages/server/src/cli/config-discovery.test.ts	server/src/command/cli/config/config-discovery.test.ts
packages/server/src/cli/config-discovery.ts	server/src/command/cli/config/config-discovery.ts
packages/server/src/cli/daemon-health-parity.test.ts	server/src/command/cli/daemon-health-parity.test.ts
packages/server/src/cli/daemon-start-options.test.ts	server/src/command/cli/daemon-start-options.test.ts
packages/server/src/cli/daemon-start-options.ts	server/src/command/cli/daemon-start-options.ts
packages/server/src/cli/device-flow.ts	server/src/command/cli/auth/device-flow.ts
packages/server/src/cli/doctor-daemon-line.test.ts	server/src/command/cli/doctor/doctor-daemon-line.test.ts
packages/server/src/cli/doctor-daemon-line.ts	server/src/command/cli/doctor/doctor-daemon-line.ts
packages/server/src/cli/doctor-project-line.test.ts	server/src/command/cli/doctor/doctor-project-line.test.ts
packages/server/src/cli/doctor-project-line.ts	server/src/command/cli/doctor/doctor-project-line.ts
packages/server/src/cli/doctor-rows.test.ts	server/src/command/cli/doctor/doctor-rows.test.ts
packages/server/src/cli/doctor-rows.ts	server/src/command/cli/doctor/doctor-rows.ts
packages/server/src/cli/doctor-sessions-line.test.ts	server/src/command/cli/doctor/doctor-sessions-line.test.ts
packages/server/src/cli/doctor-sessions-line.ts	server/src/command/cli/doctor/doctor-sessions-line.ts
packages/server/src/cli/drive-attach.test.ts	server/src/command/cli/drive/drive-attach.test.ts
packages/server/src/cli/drive-attach.ts	server/src/command/cli/drive/drive-attach.ts
packages/server/src/cli/drive-command.ts	server/src/command/cli/drive/drive-command.ts
packages/server/src/cli/gate-exit-codes.test.ts	server/src/command/cli/gate-exit-codes.test.ts
packages/server/src/cli/gate-exit.ts	server/src/command/cli/answers/gate-exit.ts
packages/server/src/cli/gate-hook-message.test.ts	server/src/command/cli/answers/gate-hook-message.test.ts
packages/server/src/cli/gate-hook-message.ts	server/src/command/cli/answers/gate-hook-message.ts
packages/server/src/cli/mcp-command.ts	server/src/command/cli/mcp-command.ts
packages/server/src/cli/open-note.test.ts	server/src/command/cli/answers/open-note.test.ts
packages/server/src/cli/open-note.ts	server/src/command/cli/answers/open-note.ts
packages/server/src/cli/port-holder.test.ts	server/src/command/cli/ports/port-holder.test.ts
packages/server/src/cli/port-holder.ts	server/src/command/cli/ports/port-holder.ts
packages/server/src/cli/project-name.test.ts	server/src/command/cli/project-name.test.ts
packages/server/src/cli/project-name.ts	server/src/command/cli/project-name.ts
packages/server/src/cli/sibling-ports.test.ts	server/src/command/cli/ports/sibling-ports.test.ts
packages/server/src/cli/sibling-ports.ts	server/src/command/cli/ports/sibling-ports.ts
packages/server/src/cli/status-dev-servers.test.ts	server/src/command/cli/status-dev-servers.test.ts
packages/server/src/cli/status-next-action.test.ts	server/src/command/cli/answers/status-next-action.test.ts
packages/server/src/cli/status-next-action.ts	server/src/command/cli/answers/status-next-action.ts
packages/server/src/cli/suggested-commands-exist.test.ts	server/src/command/cli/suggested-commands-exist.test.ts
packages/server/src/cli/verify-port-busy-message.test.ts	server/src/command/cli/verify-port-busy-message.test.ts
packages/server/src/cloud/account-state.test.ts	server/src/memory/cloud/account-state.test.ts
packages/server/src/cloud/account-state.ts	server/src/memory/cloud/account-state.ts
packages/server/src/cloud/cloud-config.test.ts	server/src/memory/cloud/cloud-config.test.ts
packages/server/src/cloud/cloud-config.ts	server/src/memory/cloud/cloud-config.ts
packages/server/src/cloud/cloud-sync.test.ts	server/src/memory/cloud/cloud-sync.test.ts
packages/server/src/cloud/cloud-sync.ts	server/src/memory/cloud/cloud-sync.ts
packages/server/src/cloud/progress-reporter.test.ts	server/src/memory/cloud/progress-reporter.test.ts
packages/server/src/cloud/sync-cycle.test.ts	server/src/memory/cloud/sync-cycle.test.ts
packages/server/src/cloud/sync-cycle.ts	server/src/memory/cloud/sync-cycle.ts
packages/server/src/cloud/sync-daemon.test.ts	server/src/memory/cloud/sync-daemon.test.ts
packages/server/src/cloud/sync-daemon.ts	server/src/memory/cloud/sync-daemon.ts
packages/server/src/cloud/sync-disk.test.ts	server/src/memory/cloud/sync-disk.test.ts
packages/server/src/cloud/sync-disk.ts	server/src/memory/cloud/sync-disk.ts
packages/server/src/cloud/sync-hash.test.ts	server/src/memory/cloud/sync-hash.test.ts
packages/server/src/cloud/sync-hash.ts	server/src/memory/cloud/sync-hash.ts
packages/server/src/cloud/sync-hostile-server.test.ts	server/src/memory/cloud/sync-hostile-server.test.ts
packages/server/src/cloud/sync-intent-shards.test.ts	server/src/memory/cloud/sync-intent-shards.test.ts
packages/server/src/crawl/crawl-empty.test.ts	server/src/features/crawl/crawl-empty.test.ts
packages/server/src/crawl/crawl-empty.ts	server/src/features/crawl/crawl-empty.ts
packages/server/src/crawl/crawl-reconnect.test.ts	server/src/features/crawl/crawl-reconnect.test.ts
packages/server/src/crawl/crawl-revealed.test.ts	server/src/features/crawl/crawl-revealed.test.ts
packages/server/src/crawl/crawl-tools.test.ts	server/src/features/crawl/crawl-tools.test.ts
packages/server/src/crawl/crawl-tools.ts	server/src/features/crawl/crawl-tools.ts
packages/server/src/crawl/crawl.test.ts	server/src/features/crawl/crawl.test.ts
packages/server/src/crawl/crawl.ts	server/src/features/crawl/crawl.ts
packages/server/src/crawl/inert-roles.test.ts	server/src/features/crawl/inert-roles.test.ts
packages/server/src/daemon-parity.test.ts	server/src/daemon-parity.test.ts
packages/server/src/daemon-reclaim.test.ts	server/src/command/daemon/daemon-reclaim.test.ts
packages/server/src/daemon-spawn.test.ts	server/src/command/daemon/daemon-spawn.test.ts
packages/server/src/daemon-state-home.test.ts	server/src/command/daemon/daemon-state-home.test.ts
packages/server/src/daemon/crash-cause-wiring.test.ts	server/src/command/daemon/crash-cause-wiring.test.ts
packages/server/src/daemon/daemon-log-rotation.test.ts	server/src/command/daemon/daemon-log-rotation.test.ts
packages/server/src/daemon/daemon-outlives-spawner.test.ts	server/src/command/daemon/daemon-outlives-spawner.test.ts
packages/server/src/daemon/daemon-resilience.test.ts	server/src/command/daemon/daemon-resilience.test.ts
packages/server/src/daemon/daemon-resilience.ts	server/src/command/daemon/daemon-resilience.ts
packages/server/src/daemon/daemon-resolve.test.ts	server/src/command/daemon/daemon-resolve.test.ts
packages/server/src/daemon/daemon-resolve.ts	server/src/command/daemon/daemon-resolve.ts
packages/server/src/daemon/daemon-usefulness.test.ts	server/src/command/daemon/lifetime/daemon-usefulness.test.ts
packages/server/src/daemon/daemon-usefulness.ts	server/src/command/daemon/lifetime/daemon-usefulness.ts
packages/server/src/daemon/daemon.ts	server/src/command/daemon/daemon.ts
packages/server/src/daemon/dev-servers.test.ts	server/src/command/daemon/dev-servers.test.ts
packages/server/src/daemon/dev-servers.ts	server/src/command/daemon/dev-servers.ts
packages/server/src/daemon/exit-trace.test.ts	server/src/command/daemon/exit-trace.test.ts
packages/server/src/daemon/free-port.test.ts	server/src/command/daemon/binding/free-port.test.ts
packages/server/src/daemon/free-port.ts	server/src/command/daemon/binding/free-port.ts
packages/server/src/daemon/heartbeat.test.ts	server/src/command/daemon/lifetime/heartbeat.test.ts
packages/server/src/daemon/heartbeat.ts	server/src/command/daemon/lifetime/heartbeat.ts
packages/server/src/daemon/idle-grace.test.ts	server/src/command/daemon/lifetime/idle-grace.test.ts
packages/server/src/daemon/idle-grace.ts	server/src/command/daemon/lifetime/idle-grace.ts
packages/server/src/daemon/idle-shutdown.test.ts	server/src/command/daemon/idle-shutdown.test.ts
packages/server/src/daemon/idle-shutdown.ts	server/src/command/daemon/idle-shutdown.ts
packages/server/src/daemon/loopback-alias.test.ts	server/src/command/daemon/binding/loopback-alias.test.ts
packages/server/src/daemon/loopback-alias.ts	server/src/command/daemon/binding/loopback-alias.ts
packages/server/src/daemon/port-presence.test.ts	server/src/command/daemon/binding/port-presence.test.ts
packages/server/src/daemon/port-presence.ts	server/src/command/daemon/binding/port-presence.ts
packages/server/src/daemon/proxy-disconnect-storm.test.ts	server/src/command/daemon/proxy-disconnect-storm.test.ts
packages/server/src/daemon/startup-failure.test.ts	server/src/command/daemon/lifetime/startup-failure.test.ts
packages/server/src/daemon/startup-failure.ts	server/src/command/daemon/lifetime/startup-failure.ts
packages/server/src/daemon/state-dir.test.ts	server/src/command/daemon/state-dir.test.ts
packages/server/src/daemon/state-dir.ts	server/src/command/daemon/state-dir.ts
packages/server/src/daemon/unclean-predecessor.test.ts	server/src/command/daemon/lifetime/unclean-predecessor.test.ts
packages/server/src/daemon/unclean-predecessor.ts	server/src/command/daemon/lifetime/unclean-predecessor.ts
packages/server/src/daemon/wake-decision.test.ts	server/src/command/daemon/wake-decision.test.ts
packages/server/src/daemon/wake-decision.ts	server/src/command/daemon/wake-decision.ts
packages/server/src/dev/stale-issue-guard.test.ts	server/src/command/dev/stale-issue-guard.test.ts
packages/server/src/dev/stale-issue-guard.ts	server/src/command/dev/stale-issue-guard.ts
packages/server/src/dev/vitest-worktree-exclude.test.ts	server/src/command/dev/vitest-worktree-exclude.test.ts
packages/server/src/dispatch-attribution.test.ts	server/src/dispatch-attribution.test.ts
packages/server/src/domain/domain-model.test.ts	server/src/judgement/domain/domain-model.test.ts
packages/server/src/domain/domain-model.ts	server/src/judgement/domain/domain-model.ts
packages/server/src/domain/domain-tools.ts	server/src/judgement/domain/domain-tools.ts
packages/server/src/domain/flow-risk.test.ts	server/src/judgement/domain/flow-risk.test.ts
packages/server/src/domain/flow-risk.ts	server/src/judgement/domain/flow-risk.ts
packages/server/src/ee/LICENSE	server/src/features/ee/LICENSE
packages/server/src/ee/README.md	server/src/features/ee/README.md
packages/server/src/ee/audit-log.test.ts	server/src/features/ee/audit-log.test.ts
packages/server/src/ee/audit-log.ts	server/src/features/ee/audit-log.ts
packages/server/src/events/body-failures.test.ts	engine/src/disagreement/body-failures.test.ts
packages/server/src/events/body-failures.ts	engine/src/disagreement/body-failures.ts
packages/server/src/events/contradiction-folds.test.ts	engine/src/disagreement/contradiction-folds.test.ts
packages/server/src/events/contradiction-folds.ts	engine/src/disagreement/contradiction-folds.ts
packages/server/src/events/contradictions.attribution.test.ts	engine/src/disagreement/contradictions.attribution.test.ts
packages/server/src/events/contradictions.declared.test.ts	engine/src/disagreement/contradictions.declared.test.ts
packages/server/src/events/contradictions.document-scope.test.ts	engine/src/disagreement/contradictions.document-scope.test.ts
packages/server/src/events/contradictions.edit-scope.test.ts	engine/src/disagreement/contradictions.edit-scope.test.ts
packages/server/src/events/contradictions.retry.test.ts	engine/src/disagreement/contradictions.retry.test.ts
packages/server/src/events/contradictions.test.ts	engine/src/disagreement/contradictions.test.ts
packages/server/src/events/contradictions.ts	engine/src/disagreement/contradictions.ts
packages/server/src/events/declared.test.ts	engine/src/question/declared.test.ts
packages/server/src/events/declared.ts	engine/src/question/declared.ts
packages/server/src/events/dev-tooling-settle.test.ts	server/src/dev-tooling-settle.test.ts
packages/server/src/events/document-navigation-is-not-resource-timing.test.ts	engine/src/question/document-navigation-is-not-resource-timing.test.ts
packages/server/src/events/duplicate-request-unrelated.test.ts	engine/src/disagreement/duplicate-request-unrelated.test.ts
packages/server/src/events/echo-mismatch.addressed-write.test.ts	engine/src/disagreement/echo-mismatch.addressed-write.test.ts
packages/server/src/events/echo-mismatch.test.ts	engine/src/disagreement/echo-mismatch.test.ts
packages/server/src/events/echo-mismatch.ts	engine/src/disagreement/echo-mismatch.ts
packages/server/src/events/event-filters.test.ts	engine/src/window/event-filters.test.ts
packages/server/src/events/event-filters.ts	engine/src/window/event-filters.ts
packages/server/src/events/json-salvage.test.ts	engine/src/window/json-salvage.test.ts
packages/server/src/events/json-salvage.ts	engine/src/window/json-salvage.ts
packages/server/src/events/lineage.test.ts	engine/src/question/lineage.test.ts
packages/server/src/events/lineage.ts	engine/src/question/lineage.ts
packages/server/src/events/match-value-structural.test.ts	engine/src/question/match-value-structural.test.ts
packages/server/src/events/net-evidence-body.test.ts	engine/src/question/net-evidence-body.test.ts
packages/server/src/events/net-evidence.ts	engine/src/question/predicate/net-evidence.ts
packages/server/src/events/observed-in-window.test.ts	engine/src/question/predicate/observed-in-window.test.ts
packages/server/src/events/observed-in-window.ts	engine/src/question/predicate/observed-in-window.ts
packages/server/src/events/poll-is-not-a-double-submit.test.ts	engine/src/disagreement/poll-is-not-a-double-submit.test.ts
packages/server/src/events/predicate-asks.ts	engine/src/question/predicate/predicate-asks.ts
packages/server/src/events/predicate-call-level-fields.test.ts	engine/src/question/predicate-call-level-fields.test.ts
packages/server/src/events/predicate-composite-inconclusive.test.ts	engine/src/question/predicate-composite-inconclusive.test.ts
packages/server/src/events/predicate-console-pre-attach.test.ts	engine/src/question/predicate-console-pre-attach.test.ts
packages/server/src/events/predicate-console.ts	engine/src/question/predicate/predicate-console.ts
packages/server/src/events/predicate-decided.test.ts	engine/src/question/predicate-decided.test.ts
packages/server/src/events/predicate-document-scope.test.ts	engine/src/question/predicate-document-scope.test.ts
packages/server/src/events/predicate-element-value.test.ts	engine/src/question/predicate-element-value.test.ts
packages/server/src/events/predicate-element.ts	engine/src/question/predicate/predicate-element.ts
packages/server/src/events/predicate-eval.oracle.test.ts	engine/src/question/predicate-eval.oracle.test.ts
packages/server/src/events/predicate-eval.settle-retry.test.ts	engine/src/question/predicate-eval.settle-retry.test.ts
packages/server/src/events/predicate-eval.ts	engine/src/question/predicate/predicate-eval.ts
packages/server/src/events/predicate-hollow-liveregion.test.ts	engine/src/question/predicate-hollow-liveregion.test.ts
packages/server/src/events/predicate-net-body.test.ts	engine/src/question/predicate-net-body.test.ts
packages/server/src/events/predicate-net-pre-attach.test.ts	engine/src/question/predicate-net-pre-attach.test.ts
packages/server/src/events/predicate-net-unobserved.test.ts	engine/src/question/predicate-net-unobserved.test.ts
packages/server/src/events/predicate-not-evidence.test.ts	engine/src/question/predicate-not-evidence.test.ts
packages/server/src/events/predicate-parse-example.test.ts	engine/src/question/predicate-parse-example.test.ts
packages/server/src/events/predicate-parse.test.ts	engine/src/question/predicate/predicate-parse.test.ts
packages/server/src/events/predicate-parse.ts	engine/src/question/predicate/predicate-parse.ts
packages/server/src/events/predicate-precheck.test.ts	engine/src/question/predicate/predicate-precheck.test.ts
packages/server/src/events/predicate-precheck.ts	engine/src/question/predicate/predicate-precheck.ts
packages/server/src/events/predicate-request-body.test.ts	engine/src/question/predicate/predicate-request-body.test.ts
packages/server/src/events/predicate-request-body.ts	engine/src/question/predicate/predicate-request-body.ts
packages/server/src/events/predicate-route-current.test.ts	engine/src/question/predicate-route-current.test.ts
packages/server/src/events/predicate-route-hash.test.ts	engine/src/question/predicate-route-hash.test.ts
packages/server/src/events/predicate-route-server-pending.test.ts	engine/src/question/predicate-route-server-pending.test.ts
packages/server/src/events/predicate-route-unsettled.test.ts	engine/src/question/predicate-route-unsettled.test.ts
packages/server/src/events/predicate-route.ts	engine/src/question/predicate/predicate-route.ts
packages/server/src/events/predicate-schema.ts	engine/src/question/predicate/predicate-schema.ts
packages/server/src/events/predicate-shape.test.ts	engine/src/question/predicate-shape.test.ts
packages/server/src/events/predicate-spelling.test.ts	engine/src/question/predicate-spelling.test.ts
packages/server/src/events/predicate-state-scoped.test.ts	engine/src/question/predicate-state-scoped.test.ts
packages/server/src/events/predicate-store-narrowing.test.ts	engine/src/question/predicate-store-narrowing.test.ts
packages/server/src/events/predicate-strict.test.ts	engine/src/question/predicate-strict.test.ts
packages/server/src/events/predicate-text-scope.test.ts	engine/src/question/predicate-text-scope.test.ts
packages/server/src/events/predicate-truncated-state.test.ts	engine/src/question/predicate-truncated-state.test.ts
packages/server/src/events/predicate-url-raw.test.ts	engine/src/question/predicate-url-raw.test.ts
packages/server/src/events/predicate.test.ts	engine/src/question/predicate/predicate.test.ts
packages/server/src/events/predicate.ts	engine/src/question/predicate/predicate.ts
packages/server/src/events/reaction.ts	engine/src/question/reaction.ts
packages/server/src/events/reconcile.test.ts	engine/src/disagreement/reconcile.test.ts
packages/server/src/events/reconcile.ts	engine/src/disagreement/reconcile.ts
packages/server/src/events/ring-buffer-window-loss.test.ts	engine/src/window/ring-buffer-window-loss.test.ts
packages/server/src/events/ring-buffer.test.ts	engine/src/window/ring-buffer.test.ts
packages/server/src/events/ring-buffer.ts	engine/src/window/ring-buffer.ts
packages/server/src/events/route-of-event.test.ts	engine/src/question/route-of-event.test.ts
packages/server/src/events/split-text-miss.test.ts	engine/src/question/predicate/split-text-miss.test.ts
packages/server/src/events/split-text-miss.ts	engine/src/question/predicate/split-text-miss.ts
packages/server/src/events/stale-response.test.ts	engine/src/disagreement/stale-response.test.ts
packages/server/src/events/stale-response.ts	engine/src/disagreement/stale-response.ts
packages/server/src/events/testid-near-miss.test.ts	engine/src/question/predicate/testid-near-miss.test.ts
packages/server/src/events/testid-near-miss.ts	engine/src/question/predicate/testid-near-miss.ts
packages/server/src/events/unit-mismatch.prior.test.ts	engine/src/disagreement/unit-mismatch.prior.test.ts
packages/server/src/events/unit-mismatch.test.ts	engine/src/disagreement/unit-mismatch.test.ts
packages/server/src/events/unit-mismatch.ts	engine/src/disagreement/unit-mismatch.ts
packages/server/src/flows/act-sequence-replay.test.ts	server/src/language/flows/act-sequence-replay.test.ts
packages/server/src/flows/affected-tools.ts	server/src/language/flows/affected-tools.ts
packages/server/src/flows/affected.test.ts	server/src/language/flows/change/affected.test.ts
packages/server/src/flows/affected.ts	server/src/language/flows/change/affected.ts
packages/server/src/flows/anchor-settle.test.ts	server/src/language/flows/anchor-settle.test.ts
packages/server/src/flows/annotate-target.test.ts	server/src/language/flows/annotate-notes/annotate-target.test.ts
packages/server/src/flows/annotate-target.ts	server/src/language/flows/annotate-notes/annotate-target.ts
packages/server/src/flows/annotate-text-success.test.ts	server/src/language/flows/annotate-text-success.test.ts
packages/server/src/flows/annotate-tools.test.ts	server/src/language/flows/annotate-tools.test.ts
packages/server/src/flows/annotate-tools.ts	server/src/language/flows/annotate-tools.ts
packages/server/src/flows/annotate.assert-net.test.ts	server/src/language/flows/annotate.assert-net.test.ts
packages/server/src/flows/annotate.compile.test.ts	server/src/language/flows/annotate.compile.test.ts
packages/server/src/flows/annotate.schema.test.ts	server/src/language/flows/annotate.schema.test.ts
packages/server/src/flows/annotate.ts	server/src/language/flows/annotate-notes/annotate.ts
packages/server/src/flows/annotation-store.ts	server/src/language/flows/stores/annotation-store.ts
packages/server/src/flows/assertion-integrity.test.ts	server/src/judgement/outcome/assertion-integrity.test.ts
packages/server/src/flows/assertion-integrity.ts	server/src/judgement/outcome/assertion-integrity.ts
packages/server/src/flows/assertion-tiers-store.ts	server/src/language/flows/stores/assertion-tiers-store.ts
packages/server/src/flows/attributed-failure.test.ts	server/src/judgement/outcome/attributed-failure.test.ts
packages/server/src/flows/attributed-failure.ts	server/src/judgement/outcome/attributed-failure.ts
packages/server/src/flows/buddy-status.test.ts	server/src/language/flows/buddy-status.test.ts
packages/server/src/flows/buddy-status.ts	server/src/language/flows/buddy-status.ts
packages/server/src/flows/coverage.test.ts	server/src/language/flows/suite/coverage.test.ts
packages/server/src/flows/coverage.ts	server/src/language/flows/suite/coverage.ts
packages/server/src/flows/decision.test.ts	server/src/language/flows/decision.test.ts
packages/server/src/flows/decision.ts	server/src/language/flows/decision.ts
packages/server/src/flows/destructive-replay-hint.test.ts	server/src/language/flows/destructive-replay-hint.test.ts
packages/server/src/flows/empty-flow.test.ts	server/src/language/flows/empty-flow.test.ts
packages/server/src/flows/empty-flow.ts	server/src/language/flows/empty-flow.ts
packages/server/src/flows/empty-suite.test.ts	server/src/language/flows/empty-suite.test.ts
packages/server/src/flows/flake-store.test.ts	server/src/language/flows/stores/flake-store.test.ts
packages/server/src/flows/flake-store.ts	server/src/language/flows/stores/flake-store.ts
packages/server/src/flows/flake.test.ts	server/src/language/flows/recording/flake.test.ts
packages/server/src/flows/flake.ts	server/src/language/flows/recording/flake.ts
packages/server/src/flows/flow-classify.test.ts	server/src/language/flows/flow-classify.test.ts
packages/server/src/flows/flow-classify.ts	server/src/language/flows/flow-classify.ts
packages/server/src/flows/flow-expect-grammar.test.ts	server/src/language/flows/flow-expect-grammar.test.ts
packages/server/src/flows/flow-expect-grammar.ts	server/src/language/flows/flow-expect-grammar.ts
packages/server/src/flows/flow-intent-gap.test.ts	server/src/language/flows/flow-intent-gap.test.ts
packages/server/src/flows/flow-intent.test.ts	server/src/language/flows/flow-intent.test.ts
packages/server/src/flows/flow-intent.ts	server/src/language/flows/flow-intent.ts
packages/server/src/flows/flow-memory-consult.test.ts	server/src/language/flows/flow-memory-consult.test.ts
packages/server/src/flows/flow-memory-consult.ts	server/src/language/flows/flow-memory-consult.ts
packages/server/src/flows/flow-replay-run.ts	server/src/language/flows/flow-replay-run.ts
packages/server/src/flows/flow-replay.dynamic.test.ts	server/src/language/flows/flow-replay.dynamic.test.ts
packages/server/src/flows/flow-replay.expect-element.test.ts	server/src/language/flows/flow-replay.expect-element.test.ts
packages/server/src/flows/flow-replay.step-timeout.test.ts	server/src/language/flows/flow-replay.step-timeout.test.ts
packages/server/src/flows/flow-replay.test.ts	server/src/language/flows/flow-replay.test.ts
packages/server/src/flows/flow-replay.ts	server/src/language/flows/flow-replay.ts
packages/server/src/flows/flow-report.test.ts	server/src/language/flows/flow-report.test.ts
packages/server/src/flows/flow-report.ts	server/src/language/flows/flow-report.ts
packages/server/src/flows/flow-save-recording.test.ts	server/src/language/flows/flow-save-recording.test.ts
packages/server/src/flows/flow-save-root.test.ts	server/src/language/flows/flow-save-root.test.ts
packages/server/src/flows/flow-scope.test.ts	server/src/language/flows/flow-scope.test.ts
packages/server/src/flows/flow-scope.ts	server/src/language/flows/flow-scope.ts
packages/server/src/flows/flow-secret-redaction.test.ts	server/src/language/flows/flow-secret-redaction.test.ts
packages/server/src/flows/flow-secret-supply.test.ts	server/src/language/flows/flow-secret-supply.test.ts
packages/server/src/flows/flow-sources.test.ts	server/src/language/flows/change/flow-sources.test.ts
packages/server/src/flows/flow-startpath-hint.test.ts	server/src/language/flows/flow-startpath-hint.test.ts
packages/server/src/flows/flow-startpath-navigate.test.ts	server/src/language/flows/flow-startpath-navigate.test.ts
packages/server/src/flows/flow-step-runners.ts	server/src/language/flows/flow-step-runners.ts
packages/server/src/flows/flow-store-for-session.ts	server/src/language/flows/flow-store-for-session.ts
packages/server/src/flows/flow-success.test.ts	server/src/language/flows/flow-success.test.ts
packages/server/src/flows/flow-success.ts	server/src/language/flows/flow-success.ts
packages/server/src/flows/flow-tools.ts	server/src/language/flows/flow-tools.ts
packages/server/src/flows/flow-upload-resolve.test.ts	server/src/language/flows/fields/flow-upload-resolve.test.ts
packages/server/src/flows/flow-upload-resolve.ts	server/src/language/flows/fields/flow-upload-resolve.ts
packages/server/src/flows/flow-verify-parallel.run.test.ts	server/src/language/flows/flow-verify-parallel.run.test.ts
packages/server/src/flows/flow-verify.flaky.test.ts	server/src/language/flows/flow-verify.flaky.test.ts
packages/server/src/flows/flow-verify.test.ts	server/src/language/flows/flow-verify.test.ts
packages/server/src/flows/flows.heal.test.ts	server/src/language/flows/flows.heal.test.ts
packages/server/src/flows/flows.recorded.test.ts	server/src/language/flows/flows.recorded.test.ts
packages/server/src/flows/flows.scope.test.ts	server/src/language/flows/flows.scope.test.ts
packages/server/src/flows/flows.test.ts	server/src/language/flows/flows.test.ts
packages/server/src/flows/gate.test.ts	server/src/language/flows/change/gate.test.ts
packages/server/src/flows/gate.ts	server/src/language/flows/change/gate.ts
packages/server/src/flows/git-changed.test.ts	server/src/language/flows/change/git-changed.test.ts
packages/server/src/flows/git-changed.ts	server/src/language/flows/change/git-changed.ts
packages/server/src/flows/git-since-honesty.test.ts	server/src/language/flows/git-since-honesty.test.ts
packages/server/src/flows/heal-proposal.test.ts	server/src/language/flows/heal-proposal.test.ts
packages/server/src/flows/heal-run.ts	server/src/language/flows/heal-run.ts
packages/server/src/flows/heal.ts	server/src/language/flows/heal.ts
packages/server/src/flows/parallel-suite.test.ts	server/src/language/flows/suite/parallel-suite.test.ts
packages/server/src/flows/parallel-suite.ts	server/src/language/flows/suite/parallel-suite.ts
packages/server/src/flows/predicate-to-expect.test.ts	server/src/judgement/outcome/predicate-to-expect.test.ts
packages/server/src/flows/predicate-to-expect.ts	server/src/judgement/outcome/predicate-to-expect.ts
packages/server/src/flows/recording-backtrack.test.ts	server/src/language/flows/recording/recording-backtrack.test.ts
packages/server/src/flows/recording-backtrack.ts	server/src/language/flows/recording/recording-backtrack.ts
packages/server/src/flows/recordings.test.ts	server/src/language/flows/recording/tape/recordings.test.ts
packages/server/src/flows/replay-halt-is-reported.test.ts	server/src/language/flows/replay-halt-is-reported.test.ts
packages/server/src/flows/replay-halt.ts	server/src/language/flows/recording/replay-halt.ts
packages/server/src/flows/replay-stale-ref.test.ts	server/src/language/flows/replay-stale-ref.test.ts
packages/server/src/flows/replay.ts	server/src/language/flows/replay.ts
packages/server/src/flows/role-anchor-nearest.test.ts	server/src/language/flows/role-anchor-nearest.test.ts
packages/server/src/flows/role-anchor-nearest.ts	server/src/language/flows/role-anchor-nearest.ts
packages/server/src/flows/role-drift-reason.test.ts	server/src/judgement/outcome/role-drift-reason.test.ts
packages/server/src/flows/role-drift-reason.ts	server/src/judgement/outcome/role-drift-reason.ts
packages/server/src/flows/server-verify.test.ts	server/src/language/flows/suite/server-verify.test.ts
packages/server/src/flows/server-verify.ts	server/src/language/flows/suite/server-verify.ts
packages/server/src/flows/step-consequence.test.ts	server/src/language/flows/step-consequence.test.ts
packages/server/src/flows/suite-flakes.test.ts	server/src/language/flows/suite/suite-flakes.test.ts
packages/server/src/flows/suite-flakes.ts	server/src/language/flows/suite/suite-flakes.ts
packages/server/src/flows/tools.flow-replay.test.ts	server/src/language/flows/tools.flow-replay.test.ts
packages/server/src/flows/tools.flows.test.ts	server/src/language/flows/tools.flows.test.ts
packages/server/src/flows/verify-change-project-scope.test.ts	server/src/language/flows/verify-change-project-scope.test.ts
packages/server/src/flows/verify-change-tools.test.ts	server/src/language/flows/verify-change-tools.test.ts
packages/server/src/flows/verify-change-tools.ts	server/src/language/flows/verify-change-tools.ts
packages/server/src/flows/verify-change-unverifiable.test.ts	server/src/language/flows/verify-change-unverifiable.test.ts
packages/server/src/flows/verify-change-verdict.ts	server/src/judgement/outcome/verify-change-verdict.ts
packages/server/src/flows/watch-batcher.test.ts	server/src/language/flows/change/watch-batcher.test.ts
packages/server/src/flows/watch-batcher.ts	server/src/language/flows/change/watch-batcher.ts
packages/server/src/gate-coverage.test.ts	server/src/gate-coverage.test.ts
packages/server/src/honesty/accepted-write.test.ts	engine/src/evidence/accepted-write.test.ts
packages/server/src/honesty/already-true.test.ts	engine/src/evidence/already-true.test.ts
packages/server/src/honesty/already-true.ts	engine/src/evidence/already-true.ts
packages/server/src/honesty/blind-spots.test.ts	engine/src/evidence/blind-spots.test.ts
packages/server/src/honesty/blind-spots.ts	engine/src/evidence/blind-spots.ts
packages/server/src/honesty/body-capture-remedy.test.ts	engine/src/evidence/body-capture-remedy.test.ts
packages/server/src/honesty/body-capture-remedy.ts	engine/src/evidence/body-capture-remedy.ts
packages/server/src/honesty/body-clause-preflight.test.ts	engine/src/evidence/body-clause-preflight.test.ts
packages/server/src/honesty/coverage-promise.test.ts	engine/src/evidence/coverage-promise.test.ts
packages/server/src/honesty/false-green-caught.test.ts	engine/src/evidence/false-green-caught.test.ts
packages/server/src/honesty/feature-capture.test.ts	server/src/surface/tools/feature-capture.test.ts
packages/server/src/honesty/feature-capture.ts	server/src/surface/tools/feature-capture.ts
packages/server/src/honesty/gap-ledger.test.ts	engine/src/evidence/gap-ledger.test.ts
packages/server/src/honesty/gap-ledger.ts	engine/src/evidence/gap-ledger.ts
packages/server/src/honesty/honesty-substantiation.test.ts	engine/src/evidence/honesty-substantiation.test.ts
packages/server/src/honesty/honesty.test.ts	engine/src/evidence/honesty.test.ts
packages/server/src/honesty/honesty.ts	engine/src/evidence/honesty.ts
packages/server/src/honesty/inconclusive.test.ts	server/src/inconclusive.test.ts
packages/server/src/honesty/instrumentation-gaps.test.ts	engine/src/evidence/instrumentation-gaps.test.ts
packages/server/src/honesty/instrumentation-gaps.ts	engine/src/evidence/instrumentation-gaps.ts
packages/server/src/honesty/observability.test.ts	engine/src/evidence/observability.test.ts
packages/server/src/honesty/observability.ts	engine/src/evidence/observability.ts
packages/server/src/honesty/outcome-unread-remedy.test.ts	engine/src/evidence/outcome-unread-remedy.test.ts
packages/server/src/honesty/source-mapping-opt-out.test.ts	engine/src/evidence/source-mapping-opt-out.test.ts
packages/server/src/honesty/tool-hit-rate.test.ts	server/src/surface/tools/tool-hit-rate.test.ts
packages/server/src/honesty/tool-hit-rate.ts	server/src/surface/tools/tool-hit-rate.ts
packages/server/src/honesty/uncaptured-bodies.test.ts	engine/src/evidence/uncaptured-bodies.test.ts
packages/server/src/honesty/uncaptured-bodies.ts	engine/src/evidence/uncaptured-bodies.ts
packages/server/src/honesty/undeclared-change.test.ts	engine/src/evidence/undeclared-change.test.ts
packages/server/src/honesty/undeclared-change.ts	engine/src/evidence/undeclared-change.ts
packages/server/src/honesty/undeclared-is-not-proved.test.ts	engine/src/evidence/undeclared-is-not-proved.test.ts
packages/server/src/honesty/uninstrumented-app.test.ts	engine/src/evidence/uninstrumented-app.test.ts
packages/server/src/honesty/unread-outcome.test.ts	engine/src/evidence/unread-outcome.test.ts
packages/server/src/honesty/unread-outcome.ts	engine/src/evidence/unread-outcome.ts
packages/server/src/honesty/unsettled.test.ts	engine/src/evidence/unsettled.test.ts
packages/server/src/honesty/unsettled.ts	engine/src/evidence/unsettled.ts
packages/server/src/honesty/verified.absence.test.ts	engine/src/evidence/verified.absence.test.ts
packages/server/src/honesty/verified.declared.test.ts	engine/src/evidence/verified.declared.test.ts
packages/server/src/honesty/verified.test.ts	engine/src/evidence/verified.test.ts
packages/server/src/honesty/verified.ts	engine/src/evidence/verified.ts
packages/server/src/http-server.test.ts	server/src/http-server.test.ts
packages/server/src/http-server.ts	server/src/surface/http-server.ts
packages/server/src/hunt/hunt-report.test.ts	server/src/judgement/hunt/hunt-report.test.ts
packages/server/src/hunt/hunt-report.ts	server/src/judgement/hunt/hunt-report.ts
packages/server/src/impact/impact-defect.test.ts	server/src/memory/impact/impact-defect.test.ts
packages/server/src/impact/impact-global-merge.test.ts	server/src/memory/impact/impact-global-merge.test.ts
packages/server/src/impact/impact-recorder.test.ts	server/src/memory/impact/impact-recorder.test.ts
packages/server/src/impact/impact-recorder.ts	server/src/memory/impact/impact-recorder.ts
packages/server/src/impact/impact-store.test.ts	server/src/memory/impact/impact-store.test.ts
packages/server/src/impact/impact-store.ts	server/src/memory/impact/impact-store.ts
packages/server/src/index.daemon.test.ts	server/src/index.daemon.test.ts
packages/server/src/index.drive.test.ts	server/src/index.drive.test.ts
packages/server/src/index.ts	server/src/index.ts
packages/server/src/input/driven-redaction.test.ts	server/src/portal/input/driven-redaction.test.ts
packages/server/src/input/driven-redaction.ts	server/src/portal/input/driven-redaction.ts
packages/server/src/input/launched-chromium.test.ts	server/src/portal/input/launched-chromium.test.ts
packages/server/src/input/launched-real-input.test.ts	server/src/portal/input/launched-real-input.test.ts
packages/server/src/input/network-detail.lossy-conformance.test.ts	server/src/portal/input/network-detail.lossy-conformance.test.ts
packages/server/src/input/network-detail.test.ts	server/src/portal/input/network-detail.test.ts
packages/server/src/input/network-detail.ts	server/src/portal/input/network-detail.ts
packages/server/src/input/network-detail.url.test.ts	server/src/portal/input/network-detail.url.test.ts
packages/server/src/input/network-mock-malformed.test.ts	server/src/portal/input/network-mock-malformed.test.ts
packages/server/src/input/network-mock-tools.test.ts	server/src/portal/input/network-mock-tools.test.ts
packages/server/src/input/network-mock-tools.ts	server/src/portal/input/network-mock-tools.ts
packages/server/src/input/network-mock.test.ts	server/src/portal/input/network-mock.test.ts
packages/server/src/input/network-mock.ts	server/src/portal/input/network-mock.ts
packages/server/src/input/real-input.test.ts	server/src/portal/input/real-input.test.ts
packages/server/src/input/real-input.ts	server/src/portal/input/real-input.ts
packages/server/src/input/scroll-find.test.ts	server/src/portal/input/scroll-find.test.ts
packages/server/src/input/scroll-find.ts	server/src/portal/input/scroll-find.ts
packages/server/src/input/scroll-tools.ts	server/src/portal/input/scroll-tools.ts
packages/server/src/input/tools.real-input.test.ts	server/src/portal/input/tools.real-input.test.ts
packages/server/src/input/viewport-tools.test.ts	server/src/portal/input/viewport-tools.test.ts
packages/server/src/input/viewport-tools.ts	server/src/portal/input/viewport-tools.ts
packages/server/src/intent/inline-intent.test.ts	server/src/memory/intent/inline-intent.test.ts
packages/server/src/intent/inline-intent.ts	server/src/memory/intent/inline-intent.ts
packages/server/src/intent/inline-surface.test.ts	server/src/memory/intent/inline-surface.test.ts
packages/server/src/intent/intent-debt.test.ts	server/src/memory/intent/intent-debt.test.ts
packages/server/src/intent/intent-shard-store.test.ts	server/src/memory/intent/intent-shard-store.test.ts
packages/server/src/intent/intent-shard-store.ts	server/src/memory/intent/intent-shard-store.ts
packages/server/src/intent/intent-shard.test.ts	server/src/memory/intent/intent-shard.test.ts
packages/server/src/intent/intent-shard.ts	server/src/memory/intent/intent-shard.ts
packages/server/src/intent/intent-store.test.ts	server/src/memory/intent/intent-store.test.ts
packages/server/src/intent/intent-store.ts	server/src/memory/intent/intent-store.ts
packages/server/src/intent/intent-subject.test.ts	server/src/memory/intent/intent-subject.test.ts
packages/server/src/intent/intent-subject.ts	server/src/memory/intent/intent-subject.ts
packages/server/src/intent/intent-tools.ts	server/src/memory/intent/intent-tools.ts
packages/server/src/intent/open-intents.ts	server/src/memory/intent/open-intents.ts
packages/server/src/journal/ambient-store.ts	server/src/memory/journal/ambient-store.ts
packages/server/src/journal/ambient.test.ts	engine/src/window/ambient.test.ts
packages/server/src/journal/ambient.ts	engine/src/window/ambient.ts
packages/server/src/journal/attach-journal.test.ts	server/src/memory/journal/attach-journal.test.ts
packages/server/src/journal/attach-journal.ts	server/src/memory/journal/attach-journal.ts
packages/server/src/journal/bridge-journal.integration.test.ts	server/src/memory/journal/bridge-journal.integration.test.ts
packages/server/src/journal/deviation-report.test.ts	server/src/memory/journal/deviation-report.test.ts
packages/server/src/journal/deviation-report.ts	server/src/memory/journal/deviation-report.ts
packages/server/src/journal/deviation-service.test.ts	server/src/memory/journal/deviation-service.test.ts
packages/server/src/journal/deviation-service.ts	server/src/memory/journal/deviation-service.ts
packages/server/src/journal/envelope-store.test.ts	server/src/memory/journal/envelope-store.test.ts
packages/server/src/journal/envelope-store.ts	server/src/memory/journal/envelope-store.ts
packages/server/src/journal/envelope.test.ts	server/src/memory/journal/envelope.test.ts
packages/server/src/journal/envelope.ts	server/src/memory/journal/envelope.ts
packages/server/src/journal/journal-query.test.ts	server/src/memory/journal/journal-query.test.ts
packages/server/src/journal/journal-query.ts	server/src/memory/journal/journal-query.ts
packages/server/src/journal/journal-recorder.test.ts	server/src/memory/journal/journal-recorder.test.ts
packages/server/src/journal/journal-recorder.ts	server/src/memory/journal/journal-recorder.ts
packages/server/src/journal/rollups.test.ts	server/src/memory/journal/rollups.test.ts
packages/server/src/journal/rollups.ts	server/src/memory/journal/rollups.ts
packages/server/src/journal/session-attribution.test.ts	server/src/memory/journal/session-attribution.test.ts
packages/server/src/journal/session-journal.test.ts	server/src/memory/journal/session-journal.test.ts
packages/server/src/journal/session-journal.ts	server/src/memory/journal/session-journal.ts
packages/server/src/journal/session-query.test.ts	server/src/memory/journal/session-query.test.ts
packages/server/src/journal/workspace-gitignore.test.ts	server/src/memory/journal/on-disk/workspace-gitignore.test.ts
packages/server/src/journal/workspace-gitignore.ts	server/src/memory/journal/on-disk/workspace-gitignore.ts
packages/server/src/library-path-boundary.test.ts	server/src/library-path-boundary.test.ts
packages/server/src/license/license-env.test.ts	server/src/features/license/license-env.test.ts
packages/server/src/license/license-env.ts	server/src/features/license/license-env.ts
packages/server/src/license/license.test.ts	server/src/features/license/license.test.ts
packages/server/src/license/license.ts	server/src/features/license/license.ts
packages/server/src/log.test.ts	server/src/log.test.ts
packages/server/src/log.ts	server/src/log.ts
packages/server/src/loopback-agent.test.ts	server/src/loopback-agent.test.ts
packages/server/src/loopback-agent.ts	server/src/surface/loopback-agent.ts
packages/server/src/mcp-http-transport.test.ts	server/src/mcp-http-transport.test.ts
packages/server/src/mcp/attach-memory.test.ts	server/src/surface/mcp/attach-memory.test.ts
packages/server/src/mcp/attach-memory.ts	server/src/surface/mcp/attach-memory.ts
packages/server/src/mcp/client-identity.test.ts	server/src/surface/mcp/peer/client-identity.test.ts
packages/server/src/mcp/client-identity.ts	server/src/surface/mcp/peer/client-identity.ts
packages/server/src/mcp/context-over-transport.test.ts	server/src/surface/mcp/context-over-transport.test.ts
packages/server/src/mcp/degraded-handshake.test.ts	server/src/surface/mcp/degraded-handshake.test.ts
packages/server/src/mcp/foreign-port-holder.test.ts	server/src/surface/mcp/foreign-port-holder.test.ts
packages/server/src/mcp/handshake-answered-once.test.ts	server/src/surface/mcp/handshake-answered-once.test.ts
packages/server/src/mcp/mcp-composed-surface.test.ts	server/src/surface/mcp/mcp-composed-surface.test.ts
packages/server/src/mcp/mcp-is-error.test.ts	server/src/surface/mcp/faults/mcp-is-error.test.ts
packages/server/src/mcp/mcp-is-error.ts	server/src/surface/mcp/faults/mcp-is-error.ts
packages/server/src/mcp/mcp-outage.test.ts	server/src/surface/mcp/faults/mcp-outage.test.ts
packages/server/src/mcp/mcp-outage.ts	server/src/surface/mcp/faults/mcp-outage.ts
packages/server/src/mcp/mcp-post-transport.test.ts	server/src/surface/mcp/proxy/mcp-post-transport.test.ts
packages/server/src/mcp/mcp-post-transport.ts	server/src/surface/mcp/proxy/mcp-post-transport.ts
packages/server/src/mcp/mcp-proxy-chaos.test.ts	server/src/surface/mcp/mcp-proxy-chaos.test.ts
packages/server/src/mcp/mcp-proxy.test.ts	server/src/surface/mcp/mcp-proxy.test.ts
packages/server/src/mcp/mcp-proxy.ts	server/src/surface/mcp/mcp-proxy.ts
packages/server/src/mcp/mcp.test.ts	server/src/surface/mcp/mcp.test.ts
packages/server/src/mcp/mcp.ts	server/src/surface/mcp/mcp.ts
packages/server/src/mcp/predicate-arg-error.test.ts	server/src/surface/mcp/predicate-arg-error.test.ts
packages/server/src/mcp/proxy-answered-once.test.ts	server/src/surface/mcp/proxy-answered-once.test.ts
packages/server/src/mcp/proxy-backoff.ts	server/src/surface/mcp/proxy/proxy-backoff.ts
packages/server/src/mcp/proxy-daemon-probe.ts	server/src/surface/mcp/proxy/proxy-daemon-probe.ts
packages/server/src/mcp/proxy-first-connect.test.ts	server/src/surface/mcp/proxy-first-connect.test.ts
packages/server/src/mcp/proxy-handshake.test.ts	server/src/surface/mcp/proxy/proxy-handshake.test.ts
packages/server/src/mcp/proxy-handshake.ts	server/src/surface/mcp/proxy/proxy-handshake.ts
packages/server/src/mcp/proxy-idle-exit.integration.test.ts	server/src/surface/mcp/proxy-idle-exit.integration.test.ts
packages/server/src/mcp/proxy-idle-exit.test.ts	server/src/surface/mcp/proxy-idle-exit.test.ts
packages/server/src/mcp/proxy-idle-exit.ts	server/src/surface/mcp/proxy-idle-exit.ts
packages/server/src/mcp/proxy-lifecycle.test.ts	server/src/surface/mcp/proxy/proxy-lifecycle.test.ts
packages/server/src/mcp/proxy-lifecycle.ts	server/src/surface/mcp/proxy/proxy-lifecycle.ts
packages/server/src/mcp/proxy-log-rotation.test.ts	server/src/surface/mcp/proxy-log-rotation.test.ts
packages/server/src/mcp/proxy-log.ts	server/src/surface/mcp/proxy/proxy-log.ts
packages/server/src/mcp/proxy-outage-honesty.test.ts	server/src/surface/mcp/proxy-outage-honesty.test.ts
packages/server/src/mcp/proxy-queue-expiry.test.ts	server/src/surface/mcp/proxy-queue-expiry.test.ts
packages/server/src/mcp/proxy-reconnect-fanout.test.ts	server/src/surface/mcp/proxy-reconnect-fanout.test.ts
packages/server/src/mcp/sdk-private-shape.test.ts	server/src/surface/mcp/sdk-private-shape.test.ts
packages/server/src/mcp/server-instructions.test.ts	server/src/surface/mcp/server-instructions.test.ts
packages/server/src/mcp/shared-params.test.ts	server/src/surface/mcp/shared-params.test.ts
packages/server/src/mcp/shared-params.ts	server/src/surface/mcp/shared-params.ts
packages/server/src/mcp/sse-frame-parser.ts	server/src/surface/mcp/sse-frame-parser.ts
packages/server/src/mcp/stream-loss-replies.test.ts	server/src/surface/mcp/stream-loss-replies.test.ts
packages/server/src/mcp/surface-coherence.test.ts	server/src/surface/mcp/surface-coherence.test.ts
packages/server/src/mcp/tool-catalog-cache.test.ts	server/src/surface/mcp/tool-catalog-cache.test.ts
packages/server/src/mcp/tool-catalog-cache.ts	server/src/surface/mcp/tool-catalog-cache.ts
packages/server/src/mcp/toolless-session-recovery.test.ts	server/src/surface/mcp/toolless-session-recovery.test.ts
packages/server/src/mcp/unadvertised-tool-over-transport.test.ts	server/src/surface/mcp/unadvertised-tool-over-transport.test.ts
packages/server/src/memory/memory-tools.ts	server/src/memory/recall/memory-tools.ts
packages/server/src/memory/project-memory.test.ts	server/src/memory/recall/project-memory.test.ts
packages/server/src/memory/project-memory.ts	server/src/memory/recall/project-memory.ts
packages/server/src/multi-project.test.ts	server/src/multi-project.test.ts
packages/server/src/oracles/flow-instrument-gaps.test.ts	server/src/judgement/oracles/flow-instrument-gaps.test.ts
packages/server/src/oracles/flow-instrument-gaps.ts	server/src/judgement/oracles/flow-instrument-gaps.ts
packages/server/src/oracles/gap-kind-is-core.test.ts	server/src/judgement/oracles/gap-kind-is-core.test.ts
packages/server/src/oracles/propose-consequences.test.ts	server/src/judgement/oracles/propose-consequences.test.ts
packages/server/src/oracles/propose-consequences.ts	server/src/judgement/oracles/propose-consequences.ts
packages/server/src/oracles/self-instrument.test.ts	server/src/judgement/oracles/self-instrument.test.ts
packages/server/src/oracles/self-instrument.ts	server/src/judgement/oracles/self-instrument.ts
packages/server/src/phenomena/phenomena.test.ts	server/src/judgement/phenomena/phenomena.test.ts
packages/server/src/phenomena/phenomena.ts	server/src/judgement/phenomena/phenomena.ts
packages/server/src/platform.ts	server/src/machine/platform.ts
packages/server/src/pool/browser-pool.test.ts	server/src/portal/pool/browser-pool.test.ts
packages/server/src/pool/browser-pool.ts	server/src/portal/pool/browser-pool.ts
packages/server/src/pool/lease-alias-capabilities.test.ts	server/src/portal/pool/lease-alias-capabilities.test.ts
packages/server/src/pool/lease-reaper.test.ts	server/src/portal/pool/lease-reaper.test.ts
packages/server/src/pool/lease-reaper.ts	server/src/portal/pool/lease-reaper.ts
packages/server/src/pool/lease-viewport.test.ts	server/src/portal/pool/lease-viewport.test.ts
packages/server/src/pool/max-contexts.test.ts	server/src/portal/pool/max-contexts.test.ts
packages/server/src/pool/nav-options.test.ts	server/src/portal/pool/nav-options.test.ts
packages/server/src/pool/playwright-launcher.test.ts	server/src/portal/pool/playwright-launcher.test.ts
packages/server/src/pool/playwright-launcher.ts	server/src/portal/pool/playwright-launcher.ts
packages/server/src/pool/pool-hover.test.ts	server/src/portal/pool/pool-hover.test.ts
packages/server/src/pool/pool-mocks.test.ts	server/src/portal/pool/pool-mocks.test.ts
packages/server/src/pool/pool-screenshot.test.ts	server/src/portal/pool/pool-screenshot.test.ts
packages/server/src/pool/storage-seed.test.ts	server/src/portal/pool/storage-seed.test.ts
packages/server/src/pool/storage-seed.ts	server/src/portal/pool/storage-seed.ts
packages/server/src/predicate-param-typing.test.ts	server/src/predicate-param-typing.test.ts
packages/server/src/project/artifact-root.test.ts	server/src/memory/project/artifact-root.test.ts
packages/server/src/project/artifact-root.ts	server/src/memory/project/artifact-root.ts
packages/server/src/project/baselines.test.ts	server/src/memory/project/baselines.test.ts
packages/server/src/project/baselines.ts	server/src/memory/project/baselines.ts
packages/server/src/project/contract-governance.test.ts	server/src/memory/project/contract-governance.test.ts
packages/server/src/project/file-lock.test.ts	server/src/memory/project/file-lock.test.ts
packages/server/src/project/file-lock.ts	server/src/memory/project/file-lock.ts
packages/server/src/project/fs-port.ts	server/src/memory/project/fs/fs-port.ts
packages/server/src/project/learned-routes.test.ts	server/src/memory/project/learned-routes.test.ts
packages/server/src/project/learned-routes.ts	server/src/memory/project/learned-routes.ts
packages/server/src/project/memory-fs.ts	server/src/memory/project/memory-fs.ts
packages/server/src/project/project-store.test.ts	server/src/memory/project/project-store.test.ts
packages/server/src/project/project-store.ts	server/src/memory/project/project-store.ts
packages/server/src/project/project-tools.test.ts	server/src/memory/project/project-tools.test.ts
packages/server/src/project/project-tools.ts	server/src/memory/project/project-tools.ts
packages/server/src/project/reticle-dir.test.ts	server/src/memory/project/dir/reticle-dir.test.ts
packages/server/src/project/reticle-dir.ts	server/src/memory/project/dir/reticle-dir.ts
packages/server/src/project/session-root.test.ts	server/src/memory/project/session-root.test.ts
packages/server/src/project/session-root.ts	server/src/memory/project/session-root.ts
packages/server/src/runs/build-verification-run.test.ts	server/src/judgement/runs/artifact/build-verification-run.test.ts
packages/server/src/runs/build-verification-run.ts	server/src/judgement/runs/artifact/build-verification-run.ts
packages/server/src/runs/context-tools.test.ts	server/src/judgement/runs/context-tools.test.ts
packages/server/src/runs/context-tools.ts	server/src/judgement/runs/context-tools.ts
packages/server/src/runs/false-green.test.ts	server/src/judgement/runs/false-green.test.ts
packages/server/src/runs/generated-app-bugs.test.ts	server/src/judgement/runs/generated-app-bugs.test.ts
packages/server/src/runs/profile-redact.test.ts	server/src/judgement/runs/artifact/profile-redact.test.ts
packages/server/src/runs/profile-redact.ts	server/src/judgement/runs/artifact/profile-redact.ts
packages/server/src/runs/render-report.test.ts	server/src/judgement/runs/artifact/render-report.test.ts
packages/server/src/runs/render-report.ts	server/src/judgement/runs/artifact/render-report.ts
packages/server/src/runs/repair-prompt.test.ts	server/src/judgement/runs/repair-prompt.test.ts
packages/server/src/runs/repair-prompt.ts	server/src/judgement/runs/repair-prompt.ts
packages/server/src/runs/replay-mapping.test.ts	server/src/judgement/runs/artifact/replay-mapping.test.ts
packages/server/src/runs/replay-mapping.ts	server/src/judgement/runs/artifact/replay-mapping.ts
packages/server/src/runs/reticle-runner.test.ts	server/src/judgement/runs/reticle-runner.test.ts
packages/server/src/runs/reticle-runner.ts	server/src/judgement/runs/reticle-runner.ts
packages/server/src/runs/risk-classify.test.ts	server/src/judgement/runs/risk-classify.test.ts
packages/server/src/runs/risk-classify.ts	server/src/judgement/runs/risk-classify.ts
packages/server/src/runs/run-context.test.ts	server/src/judgement/runs/artifact/run-context.test.ts
packages/server/src/runs/run-context.ts	server/src/judgement/runs/artifact/run-context.ts
packages/server/src/runs/run-diff.test.ts	server/src/judgement/runs/artifact/run-diff.test.ts
packages/server/src/runs/run-diff.ts	server/src/judgement/runs/artifact/run-diff.ts
packages/server/src/runs/run-store.test.ts	server/src/judgement/runs/artifact/run-store.test.ts
packages/server/src/runs/run-store.ts	server/src/judgement/runs/artifact/run-store.ts
packages/server/src/runs/run-tools.test.ts	server/src/judgement/runs/run-tools.test.ts
packages/server/src/runs/run-tools.ts	server/src/judgement/runs/run-tools.ts
packages/server/src/runs/runner-port.ts	server/src/judgement/runs/runner-port.ts
packages/server/src/runs/verification-sync.test.ts	server/src/judgement/runs/verification-sync.test.ts
packages/server/src/runs/verification-sync.ts	server/src/judgement/runs/verification-sync.ts
packages/server/src/runs/verify-daemon.test.ts	server/src/judgement/runs/verify-daemon.test.ts
packages/server/src/runs/verify-http.test.ts	server/src/judgement/runs/verify-http.test.ts
packages/server/src/runs/verify-http.ts	server/src/judgement/runs/verify-http.ts
packages/server/src/runs/verify-server.test.ts	server/src/judgement/runs/verify-server.test.ts
packages/server/src/runs/verify-server.ts	server/src/judgement/runs/verify-server.ts
packages/server/src/session/action-attribution-ambient.test.ts	server/src/portal/session/action-attribution-ambient.test.ts
packages/server/src/session/attachment-history.test.ts	server/src/portal/session/presence/attachment-history.test.ts
packages/server/src/session/attachment-history.ts	server/src/portal/session/presence/attachment-history.ts
packages/server/src/session/command-timeout.test.ts	server/src/portal/session/timing/command-timeout.test.ts
packages/server/src/session/command-timeout.ts	server/src/portal/session/timing/command-timeout.ts
packages/server/src/session/connection-memory.test.ts	server/src/memory/recall/prior/connection-memory.test.ts
packages/server/src/session/connection-memory.ts	server/src/memory/recall/prior/connection-memory.ts
packages/server/src/session/control-envelope.test.ts	server/src/portal/session/control-envelope.test.ts
packages/server/src/session/control-envelope.ts	server/src/portal/session/control-envelope.ts
packages/server/src/session/current-document.test.ts	server/src/portal/session/current-document.test.ts
packages/server/src/session/dev-command.test.ts	server/src/portal/session/dev-server/dev-command.test.ts
packages/server/src/session/dev-command.ts	server/src/portal/session/dev-server/dev-command.ts
packages/server/src/session/dev-server-probe.test.ts	server/src/portal/session/dev-server/dev-server-probe.test.ts
packages/server/src/session/dev-server-probe.ts	server/src/portal/session/dev-server/dev-server-probe.ts
packages/server/src/session/fake-session.test.ts	server/src/portal/session/fake-session.test.ts
packages/server/src/session/fake-session.ts	server/src/portal/session/fake-session.ts
packages/server/src/session/hud-mirror.test.ts	server/src/portal/session/hud-mirror.test.ts
packages/server/src/session/inbox-history.test.ts	server/src/portal/session/inbox-history.test.ts
packages/server/src/session/last-act.test.ts	server/src/portal/session/last-act.test.ts
packages/server/src/session/last-act.ts	server/src/portal/session/last-act.ts
packages/server/src/session/lease-availability.test.ts	server/src/portal/session/presence/lease-availability.test.ts
packages/server/src/session/lease-availability.ts	server/src/portal/session/presence/lease-availability.ts
packages/server/src/session/lease-expiry-attribution.test.ts	server/src/portal/session/lease-expiry-attribution.test.ts
packages/server/src/session/lease-visibility.test.ts	server/src/portal/session/lease-visibility.test.ts
packages/server/src/session/lease-visibility.ts	server/src/portal/session/lease-visibility.ts
packages/server/src/session/live-control-tools.ts	server/src/portal/session/live-control-tools.ts
packages/server/src/session/live-control.ts	server/src/portal/session/human/live-control.ts
packages/server/src/session/looks-like-dev-server.test.ts	server/src/memory/recall/looks-like-dev-server.test.ts
packages/server/src/session/looks-like-dev-server.ts	server/src/memory/recall/looks-like-dev-server.ts
packages/server/src/session/no-session-auto-attach.test.ts	server/src/portal/session/no-session-auto-attach.test.ts
packages/server/src/session/no-session-causes.test.ts	server/src/portal/session/no-session-causes.test.ts
packages/server/src/session/no-session-claims.test.ts	server/src/portal/session/no-session-claims.test.ts
packages/server/src/session/no-session-diagnosis.test.ts	server/src/portal/session/no-session-diagnosis.test.ts
packages/server/src/session/no-session-diagnosis.ts	server/src/portal/session/no-session-diagnosis.ts
packages/server/src/session/no-session-elsewhere.test.ts	server/src/portal/session/no-session-elsewhere.test.ts
packages/server/src/session/no-session-next-action.test.ts	server/src/portal/session/no-session-next-action.test.ts
packages/server/src/session/no-session-next-action.ts	server/src/portal/session/no-session-next-action.ts
packages/server/src/session/no-session-reason.test.ts	server/src/portal/session/no-session-reason.test.ts
packages/server/src/session/no-session-restart-wiring.test.ts	server/src/portal/session/no-session-restart-wiring.test.ts
packages/server/src/session/no-session-watch.test.ts	server/src/portal/session/no-session-watch.test.ts
packages/server/src/session/no-session-watch.ts	server/src/portal/session/no-session-watch.ts
packages/server/src/session/observed-state.test.ts	server/src/portal/session/facts/observed-state.test.ts
packages/server/src/session/observed-state.ts	server/src/portal/session/facts/observed-state.ts
packages/server/src/session/output-budget.test.ts	server/src/portal/session/output-budget.test.ts
packages/server/src/session/output-budget.ts	server/src/portal/session/output-budget.ts
packages/server/src/session/pending-commands.test.ts	server/src/portal/session/page-commands/pending-commands.test.ts
packages/server/src/session/pending-commands.ts	server/src/portal/session/page-commands/pending-commands.ts
packages/server/src/session/presenter-args.test.ts	server/src/portal/session/human/presenter-args.test.ts
packages/server/src/session/presenter-args.ts	server/src/portal/session/human/presenter-args.ts
packages/server/src/session/ref-provenance.test.ts	server/src/portal/session/facts/ref-provenance.test.ts
packages/server/src/session/ref-provenance.ts	server/src/portal/session/facts/ref-provenance.ts
packages/server/src/session/refused-dial-is-not-an-uninstalled-app.test.ts	server/src/portal/session/refused-dial-is-not-an-uninstalled-app.test.ts
packages/server/src/session/registered-projects.test.ts	server/src/memory/recall/registered-projects.test.ts
packages/server/src/session/registered-projects.ts	server/src/memory/recall/registered-projects.ts
packages/server/src/session/resolve-within.test.ts	server/src/portal/session/timing/resolve-within.test.ts
packages/server/src/session/resolve-within.ts	server/src/portal/session/timing/resolve-within.ts
packages/server/src/session/review-mark-identity.test.ts	server/src/portal/session/review-mark-identity.test.ts
packages/server/src/session/review-store.test.ts	server/src/portal/session/human/review-store.test.ts
packages/server/src/session/review-store.ts	server/src/portal/session/human/review-store.ts
packages/server/src/session/session-buffer-health.test.ts	server/src/portal/session/session-buffer-health.test.ts
packages/server/src/session/session-health-skew.test.ts	server/src/portal/session/session-health-skew.test.ts
packages/server/src/session/session-health-starved.test.ts	server/src/portal/session/session-health-starved.test.ts
packages/server/src/session/session-health.ts	server/src/portal/session/session-health.ts
packages/server/src/session/session-info.test.ts	server/src/portal/session/session-info.test.ts
packages/server/src/session/session-info.ts	server/src/portal/session/session-info.ts
packages/server/src/session/session-lease.ts	server/src/portal/session/presence/session-lease.ts
packages/server/src/session/session-manager-successor.test.ts	server/src/portal/session/session-manager-successor.test.ts
packages/server/src/session/session-manager.scope.test.ts	server/src/portal/session/session-manager.scope.test.ts
packages/server/src/session/session-manager.ts	server/src/portal/session/session-manager.ts
packages/server/src/session/session-mirror.ts	server/src/portal/session/presence/session-mirror.ts
packages/server/src/session/session-pending-navigation.test.ts	server/src/portal/session/session-pending-navigation.test.ts
packages/server/src/session/session-reaper.test.ts	server/src/portal/session/session-reaper.test.ts
packages/server/src/session/session-reaper.ts	server/src/portal/session/session-reaper.ts
packages/server/src/session/session-rebind.test.ts	server/src/portal/session/session-rebind.test.ts
packages/server/src/session/session-recommendation.test.ts	server/src/portal/session/presence/session-recommendation.test.ts
packages/server/src/session/session-recommendation.ts	server/src/portal/session/presence/session-recommendation.ts
packages/server/src/session/session-reconnect.test.ts	server/src/portal/session/session-reconnect.test.ts
packages/server/src/session/session-reconnect.ts	server/src/portal/session/session-reconnect.ts
packages/server/src/session/session-replaced.test.ts	server/src/portal/session/facts/session-replaced.test.ts
packages/server/src/session/session-replaced.ts	server/src/portal/session/facts/session-replaced.ts
packages/server/src/session/session-successor-lease.test.ts	server/src/portal/session/session-successor-lease.test.ts
packages/server/src/session/session-successor.test.ts	server/src/portal/session/session-successor.test.ts
packages/server/src/session/session-successor.ts	server/src/portal/session/session-successor.ts
packages/server/src/session/session-tools.test.ts	server/src/portal/session/session-tools.test.ts
packages/server/src/session/session-tools.ts	server/src/portal/session/session-tools.ts
packages/server/src/session/session-unresponsive.test.ts	server/src/portal/session/session-unresponsive.test.ts
packages/server/src/session/session.control.test.ts	server/src/portal/session/session.control.test.ts
packages/server/src/session/session.test.ts	server/src/portal/session/session.test.ts
packages/server/src/session/session.ts	server/src/portal/session/session.ts
packages/server/src/session/stall-clock.test.ts	server/src/portal/session/stall-clock.test.ts
packages/server/src/session/stall-clock.ts	server/src/portal/session/stall-clock.ts
packages/server/src/session/state-select.test.ts	server/src/portal/session/state-select.test.ts
packages/server/src/session/state-select.ts	server/src/portal/session/state-select.ts
packages/server/src/session/tools.live-control.test.ts	server/src/portal/session/tools.live-control.test.ts
packages/server/src/session/tools.review.test.ts	server/src/portal/session/tools.review.test.ts
packages/server/src/session/tools.session-health.test.ts	server/src/portal/session/tools.session-health.test.ts
packages/server/src/session/wall-clock.ts	server/src/portal/session/timing/wall-clock.ts
packages/server/src/session/yield-without-session.test.ts	server/src/portal/session/yield-without-session.test.ts
packages/server/src/setup/agent-configs.test.ts	server/src/command/setup/agent-configs.test.ts
packages/server/src/setup/agent-configs.ts	server/src/command/setup/agent-configs.ts
packages/server/src/setup/agent-io.ts	server/src/command/setup/agent-io.ts
packages/server/src/setup/agent-writer.test.ts	server/src/command/setup/agent-writer.test.ts
packages/server/src/setup/agent-writer.ts	server/src/command/setup/agent-writer.ts
packages/server/src/setup/approval-migration.test.ts	server/src/command/setup/approval-migration.test.ts
packages/server/src/setup/approval-migration.ts	server/src/command/setup/approval-migration.ts
packages/server/src/setup/auto-approve.test.ts	server/src/command/setup/auto-approve.test.ts
packages/server/src/setup/auto-approve.ts	server/src/command/setup/auto-approve.ts
packages/server/src/setup/bridge-port.test.ts	server/src/command/setup/bringup/bridge-port.test.ts
packages/server/src/setup/bridge-port.ts	server/src/command/setup/bringup/bridge-port.ts
packages/server/src/setup/confirm-dev-server.test.ts	server/src/command/setup/confirm-dev-server.test.ts
packages/server/src/setup/confirm.test.ts	server/src/command/setup/terminal/confirm.test.ts
packages/server/src/setup/confirm.ts	server/src/command/setup/terminal/confirm.ts
packages/server/src/setup/desktop-shape.test.ts	server/src/command/setup/desktop-shape.test.ts
packages/server/src/setup/desktop-shape.ts	server/src/command/setup/desktop-shape.ts
packages/server/src/setup/dev-server-wait.test.ts	server/src/command/setup/bringup/dev-server-wait.test.ts
packages/server/src/setup/dev-server-wait.ts	server/src/command/setup/bringup/dev-server-wait.ts
packages/server/src/setup/ensure-daemon.ts	server/src/command/setup/bringup/ensure-daemon.ts
packages/server/src/setup/existing-app.test.ts	server/src/command/setup/probe/existing-app.test.ts
packages/server/src/setup/existing-app.ts	server/src/command/setup/probe/existing-app.ts
packages/server/src/setup/flags-named-exist.test.ts	server/src/command/setup/flags-named-exist.test.ts
packages/server/src/setup/init-host.test.ts	server/src/command/setup/init/init-host.test.ts
packages/server/src/setup/init-host.ts	server/src/command/setup/init/init-host.ts
packages/server/src/setup/init-runtime.ts	server/src/command/setup/init/init-runtime.ts
packages/server/src/setup/interrupt.test.ts	server/src/command/setup/terminal/interrupt.test.ts
packages/server/src/setup/interrupt.ts	server/src/command/setup/terminal/interrupt.ts
packages/server/src/setup/license-key.test.ts	server/src/command/setup/license-key.test.ts
packages/server/src/setup/license-key.ts	server/src/command/setup/license-key.ts
packages/server/src/setup/listeners.test.ts	server/src/command/setup/terminal/listeners.test.ts
packages/server/src/setup/listeners.ts	server/src/command/setup/terminal/listeners.ts
packages/server/src/setup/loopback-probe-urls.test.ts	server/src/command/setup/probe/loopback-probe-urls.test.ts
packages/server/src/setup/loopback-probe-urls.ts	server/src/command/setup/probe/loopback-probe-urls.ts
packages/server/src/setup/node-effects.test.ts	server/src/command/setup/node-effects.test.ts
packages/server/src/setup/node-effects.ts	server/src/command/setup/node-effects.ts
packages/server/src/setup/page-probe.test.ts	server/src/command/setup/probe/page-probe.test.ts
packages/server/src/setup/page-probe.ts	server/src/command/setup/probe/page-probe.ts
packages/server/src/setup/relaunch-reaches-files-only.test.ts	server/src/command/setup/relaunch-reaches-files-only.test.ts
packages/server/src/setup/relaunch.test.ts	server/src/command/setup/bringup/relaunch.test.ts
packages/server/src/setup/relaunch.ts	server/src/command/setup/bringup/relaunch.ts
packages/server/src/setup/run-setup.test.ts	server/src/command/setup/run-setup.test.ts
packages/server/src/setup/run-setup.ts	server/src/command/setup/run-setup.ts
packages/server/src/setup/session-pick.test.ts	server/src/command/setup/session-pick.test.ts
packages/server/src/setup/session-pick.ts	server/src/command/setup/session-pick.ts
packages/server/src/setup/setup-command.ts	server/src/command/setup/setup-command.ts
packages/server/src/setup/setup-options.test.ts	server/src/command/setup/setup-options.test.ts
packages/server/src/setup/setup-options.ts	server/src/command/setup/setup-options.ts
packages/server/src/setup/transcripts.ts	server/src/command/setup/terminal/transcripts.ts
packages/server/src/setup/wait-progress.test.ts	server/src/command/setup/terminal/wait-progress.test.ts
packages/server/src/setup/wait-progress.ts	server/src/command/setup/terminal/wait-progress.ts
packages/server/src/status-payload.ts	server/src/status-payload.ts
packages/server/src/status-why.test.ts	server/src/status-why.test.ts
packages/server/src/telemetry/app-instrumented.test.ts	server/src/telemetry/app-instrumented.test.ts
packages/server/src/telemetry/app-instrumented.ts	server/src/telemetry/app-instrumented.ts
packages/server/src/telemetry/argument-shape.test.ts	server/src/telemetry/argument-shape.test.ts
packages/server/src/telemetry/argument-shape.ts	server/src/telemetry/argument-shape.ts
packages/server/src/telemetry/automation-hint.test.ts	server/src/telemetry/automation-hint.test.ts
packages/server/src/telemetry/automation-hint.ts	server/src/telemetry/automation-hint.ts
packages/server/src/telemetry/browser-mode.ts	server/src/telemetry/browser-mode.ts
packages/server/src/telemetry/bug-found.test.ts	server/src/telemetry/bug-found.test.ts
packages/server/src/telemetry/bug-found.ts	server/src/telemetry/bug-found.ts
packages/server/src/telemetry/cli-telemetry.ts	server/src/telemetry/cli-telemetry.ts
packages/server/src/telemetry/connect-failure.ts	server/src/telemetry/connect-failure.ts
packages/server/src/telemetry/crash-cause.test.ts	server/src/telemetry/crash-cause.test.ts
packages/server/src/telemetry/crash-cause.ts	server/src/telemetry/crash-cause.ts
packages/server/src/telemetry/daemon-telemetry.test.ts	server/src/telemetry/daemon-telemetry.test.ts
packages/server/src/telemetry/daemon-telemetry.ts	server/src/telemetry/daemon-telemetry.ts
packages/server/src/telemetry/dev-repo.test.ts	server/src/telemetry/dev-repo.test.ts
packages/server/src/telemetry/dev-repo.ts	server/src/telemetry/dev-repo.ts
packages/server/src/telemetry/error-class.ts	server/src/telemetry/error-class.ts
packages/server/src/telemetry/error-fingerprint.test.ts	server/src/telemetry/error-fingerprint.test.ts
packages/server/src/telemetry/error-fingerprint.ts	server/src/telemetry/error-fingerprint.ts
packages/server/src/telemetry/event-hygiene.test.ts	server/src/telemetry/event-hygiene.test.ts
packages/server/src/telemetry/extra-blocks-reach-the-wire.test.ts	server/src/telemetry/extra-blocks-reach-the-wire.test.ts
packages/server/src/telemetry/feedback-attribution.test.ts	server/src/telemetry/feedback-attribution.test.ts
packages/server/src/telemetry/feedback-cli.ts	server/src/telemetry/feedback-cli.ts
packages/server/src/telemetry/feedback-context.test.ts	server/src/telemetry/feedback-context.test.ts
packages/server/src/telemetry/feedback-context.ts	server/src/telemetry/feedback-context.ts
packages/server/src/telemetry/feedback-delivery.test.ts	server/src/telemetry/feedback-delivery.test.ts
packages/server/src/telemetry/feedback-delivery.ts	server/src/telemetry/feedback-delivery.ts
packages/server/src/telemetry/feedback-in-checkout.test.ts	server/src/telemetry/feedback-in-checkout.test.ts
packages/server/src/telemetry/feedback-local.test.ts	server/src/telemetry/feedback-local.test.ts
packages/server/src/telemetry/feedback-local.ts	server/src/telemetry/feedback-local.ts
packages/server/src/telemetry/feedback-outbox.test.ts	server/src/telemetry/feedback-outbox.test.ts
packages/server/src/telemetry/feedback-outbox.ts	server/src/telemetry/feedback-outbox.ts
packages/server/src/telemetry/feedback.test.ts	server/src/telemetry/feedback.test.ts
packages/server/src/telemetry/feedback.ts	server/src/telemetry/feedback.ts
packages/server/src/telemetry/git-facts.ts	server/src/telemetry/git-facts.ts
packages/server/src/telemetry/harness-never-emits.test.ts	server/src/telemetry/harness-never-emits.test.ts
packages/server/src/telemetry/identify.test.ts	server/src/telemetry/identify.test.ts
packages/server/src/telemetry/identify.ts	server/src/telemetry/identify.ts
packages/server/src/telemetry/init-telemetry.ts	server/src/telemetry/init-telemetry.ts
packages/server/src/telemetry/install-attribution.test.ts	server/src/telemetry/install-attribution.test.ts
packages/server/src/telemetry/install-source.test.ts	server/src/telemetry/install-source.test.ts
packages/server/src/telemetry/install-source.ts	server/src/telemetry/install-source.ts
packages/server/src/telemetry/install-stage.test.ts	server/src/telemetry/install-stage.test.ts
packages/server/src/telemetry/license-activation.test.ts	server/src/telemetry/license-activation.test.ts
packages/server/src/telemetry/license-activation.ts	server/src/telemetry/license-activation.ts
packages/server/src/telemetry/local-sink.test.ts	server/src/telemetry/local-sink.test.ts
packages/server/src/telemetry/machine-snapshot.ts	server/src/telemetry/machine-snapshot.ts
packages/server/src/telemetry/mcp-connection.ts	server/src/telemetry/mcp-connection.ts
packages/server/src/telemetry/missing-metrics.test.ts	server/src/telemetry/missing-metrics.test.ts
packages/server/src/telemetry/no-field-numbers.test.ts	server/src/telemetry/no-field-numbers.test.ts
packages/server/src/telemetry/project-identity.test.ts	server/src/telemetry/project-identity.test.ts
packages/server/src/telemetry/project-profile.test.ts	server/src/telemetry/project-profile.test.ts
packages/server/src/telemetry/project-profile.ts	server/src/telemetry/project-profile.ts
packages/server/src/telemetry/proxy-telemetry.test.ts	server/src/telemetry/proxy-telemetry.test.ts
packages/server/src/telemetry/proxy-telemetry.ts	server/src/telemetry/proxy-telemetry.ts
packages/server/src/telemetry/run-telemetry.ts	server/src/telemetry/run-telemetry.ts
packages/server/src/telemetry/session-metrics.test.ts	server/src/telemetry/session-metrics.test.ts
packages/server/src/telemetry/session-metrics.ts	server/src/telemetry/session-metrics.ts
packages/server/src/telemetry/session-window.test.ts	server/src/telemetry/session-window.test.ts
packages/server/src/telemetry/stack-unknown-reason.test.ts	server/src/telemetry/stack-unknown-reason.test.ts
packages/server/src/telemetry/telemetry-contract.test.ts	server/src/telemetry/telemetry-contract.test.ts
packages/server/src/telemetry/telemetry.test.ts	server/src/telemetry/telemetry.test.ts
packages/server/src/telemetry/telemetry.ts	server/src/telemetry/telemetry.ts
packages/server/src/telemetry/tool-refused.test.ts	server/src/telemetry/tool-refused.test.ts
packages/server/src/telemetry/tool-refused.ts	server/src/telemetry/tool-refused.ts
packages/server/src/telemetry/verification-of.test.ts	server/src/telemetry/verification-of.test.ts
packages/server/src/telemetry/verification-of.ts	server/src/telemetry/verification-of.ts
packages/server/src/temp-dir.ts	server/src/machine/temp-dir.ts
packages/server/src/tools/act-capsule.test.ts	server/src/surface/tools/act-capsule.test.ts
packages/server/src/tools/act-capsule.ts	server/src/surface/tools/act-capsule.ts
packages/server/src/tools/act-danger.test.ts	server/src/surface/tools/act/act-danger.test.ts
packages/server/src/tools/act-danger.ts	server/src/surface/tools/act/act-danger.ts
packages/server/src/tools/act-helpers.ts	server/src/surface/tools/act/act-helpers.ts
packages/server/src/tools/act-observation.test.ts	server/src/surface/tools/act/act-observation.test.ts
packages/server/src/tools/act-observation.ts	server/src/surface/tools/act/act-observation.ts
packages/server/src/tools/act-preflight.ts	server/src/surface/tools/act/act-preflight.ts
packages/server/src/tools/act-sequence-progress.test.ts	server/src/surface/tools/act-sequence-progress.test.ts
packages/server/src/tools/act-sequence-retry.test.ts	server/src/surface/tools/act/act-sequence-retry.test.ts
packages/server/src/tools/act-sequence-retry.ts	server/src/surface/tools/act/act-sequence-retry.ts
packages/server/src/tools/act-sequence-session.test.ts	server/src/surface/tools/act-sequence-session.test.ts
packages/server/src/tools/act-sequence-target.test.ts	server/src/surface/tools/act-sequence-target.test.ts
packages/server/src/tools/act-state-already-true.test.ts	server/src/surface/tools/act-state-already-true.test.ts
packages/server/src/tools/act-target.test.ts	server/src/surface/tools/act/act-target.test.ts
packages/server/src/tools/act-tools.ts	server/src/surface/tools/act-tools.ts
packages/server/src/tools/act-truncated-window.test.ts	server/src/surface/tools/act-truncated-window.test.ts
packages/server/src/tools/act-unwatched-state.test.ts	server/src/surface/tools/act-unwatched-state.test.ts
packages/server/src/tools/act-verdict-parity.test.ts	server/src/surface/tools/act-verdict-parity.test.ts
packages/server/src/tools/act-view.test.ts	server/src/surface/tools/act/act-view.test.ts
packages/server/src/tools/act-view.ts	server/src/surface/tools/act/act-view.ts
packages/server/src/tools/advertised-surface-cost.test.ts	server/src/surface/tools/advertised-surface-cost.test.ts
packages/server/src/tools/alias-args.test.ts	server/src/surface/tools/args/alias-args.test.ts
packages/server/src/tools/alias-args.ts	server/src/surface/tools/args/alias-args.ts
packages/server/src/tools/assert-buffer-honesty.test.ts	server/src/surface/tools/assert/assert-buffer-honesty.test.ts
packages/server/src/tools/assert-contradiction-plumbing.test.ts	server/src/surface/tools/assert/assert-contradiction-plumbing.test.ts
packages/server/src/tools/assert-coverage-honesty.test.ts	server/src/surface/tools/assert/assert-coverage-honesty.test.ts
packages/server/src/tools/assert-grade.test.ts	server/src/surface/tools/assert/assert-grade.test.ts
packages/server/src/tools/assert-grade.ts	server/src/surface/tools/assert/assert-grade.ts
packages/server/src/tools/assert-journal-verdict.test.ts	server/src/surface/tools/assert/assert-journal-verdict.test.ts
packages/server/src/tools/assert-source-attribution.test.ts	server/src/surface/tools/assert/assert-source-attribution.test.ts
packages/server/src/tools/assert-source.test.ts	server/src/surface/tools/assert/assert-source.test.ts
packages/server/src/tools/assert-source.ts	server/src/surface/tools/assert/assert-source.ts
packages/server/src/tools/assert-throttled-window.test.ts	server/src/surface/tools/assert/assert-throttled-window.test.ts
packages/server/src/tools/assert-transport-gap.test.ts	server/src/surface/tools/assert/assert-transport-gap.test.ts
packages/server/src/tools/assert-verdict.ts	server/src/surface/tools/assert/assert-verdict.ts
packages/server/src/tools/authored-errors-are-ours.test.ts	server/src/surface/tools/authored-errors-are-ours.test.ts
packages/server/src/tools/baseline-roundtrip.test.ts	server/src/surface/tools/baseline-roundtrip.test.ts
packages/server/src/tools/bench-inject-dirty-guard.test.mjs	server/src/surface/tools/bench-inject-dirty-guard.test.mjs
packages/server/src/tools/bench-scenarios-live.test.ts	server/src/guards/harness/bench-scenarios-live.test.ts
packages/server/src/tools/bench-scripts-resolve.test.ts	server/src/guards/harness/bench-scripts-resolve.test.ts
packages/server/src/tools/blocking-wait-ceiling.test.ts	server/src/surface/tools/blocking-wait-ceiling.test.ts
packages/server/src/tools/browser-tools.ts	server/src/surface/tools/browser-tools.ts
packages/server/src/tools/captured-calls-recorded.test.ts	server/src/surface/tools/captured-calls-recorded.test.ts
packages/server/src/tools/changelog-freshness.test.ts	server/src/guards/release/changelog-freshness.test.ts
packages/server/src/tools/ci-gate-completeness.test.ts	server/src/guards/ci/ci-gate-completeness.test.ts
packages/server/src/tools/ci-run-decision.test.ts	server/src/guards/ci/ci-run-decision.test.ts
packages/server/src/tools/complete-snapshot.test.ts	server/src/surface/tools/read/complete-snapshot.test.ts
packages/server/src/tools/complete-snapshot.ts	server/src/surface/tools/read/complete-snapshot.ts
packages/server/src/tools/console-empty-read.test.ts	server/src/surface/tools/console-empty-read.test.ts
packages/server/src/tools/contract-tools.ts	server/src/surface/tools/contract-tools.ts
packages/server/src/tools/coverage-identity.test.ts	server/src/surface/tools/gaps/coverage-identity.test.ts
packages/server/src/tools/coverage-identity.ts	server/src/surface/tools/gaps/coverage-identity.ts
packages/server/src/tools/coverage-tools.test.ts	server/src/surface/tools/coverage-tools.test.ts
packages/server/src/tools/coverage-tools.ts	server/src/surface/tools/coverage-tools.ts
packages/server/src/tools/crate-version-lockstep.test.ts	server/src/guards/release/crate-version-lockstep.test.ts
packages/server/src/tools/dco-failure-is-actionable.test.ts	server/src/guards/ci/dco-failure-is-actionable.test.ts
packages/server/src/tools/dispatch-chokepoint.test.ts	server/src/surface/tools/dispatch-chokepoint.test.ts
packages/server/src/tools/docs-code-blocks.test.ts	server/src/guards/docs/docs-code-blocks.test.ts
packages/server/src/tools/docs-commands-run.test.ts	server/src/guards/docs/docs-commands-run.test.ts
packages/server/src/tools/docs-index-coverage.test.ts	server/src/surface/tools/docs-index-coverage.test.ts
packages/server/src/tools/docs-version-drift.test.ts	server/src/guards/docs/docs-version-drift.test.ts
packages/server/src/tools/dynamic-tools.test.ts	server/src/surface/tools/dynamic-tools.test.ts
packages/server/src/tools/dynamic-tools.ts	server/src/surface/tools/dynamic-tools.ts
packages/server/src/tools/e2e-dist-exports.test.ts	server/src/guards/harness/e2e-dist-exports.test.ts
packages/server/src/tools/e2e-retry-waits-for-ports.test.ts	server/src/guards/harness/e2e-retry-waits-for-ports.test.ts
packages/server/src/tools/e2e-surface-drift.test.ts	server/src/surface/tools/e2e-surface-drift.test.ts
packages/server/src/tools/envelope-keys-declared.test.ts	server/src/surface/tools/envelope-keys-declared.test.ts
packages/server/src/tools/error-recovery.test.ts	server/src/surface/tools/error-recovery.test.ts
packages/server/src/tools/error-recovery.ts	server/src/surface/tools/error-recovery.ts
packages/server/src/tools/false-green-oracle-independence.test.ts	server/src/guards/harness/false-green-oracle-independence.test.ts
packages/server/src/tools/false-green-rows.test.ts	server/src/guards/harness/false-green-rows.test.ts
packages/server/src/tools/feedback-invite.test.ts	server/src/surface/tools/feedback-invite.test.ts
packages/server/src/tools/feedback-invite.ts	server/src/surface/tools/feedback-invite.ts
packages/server/src/tools/feedback-tools.test.ts	server/src/surface/tools/feedback-tools.test.ts
packages/server/src/tools/feedback-tools.ts	server/src/surface/tools/feedback-tools.ts
packages/server/src/tools/fixture-api-reachability.test.ts	server/src/guards/harness/fixture-api-reachability.test.ts
packages/server/src/tools/guards-are-cache-invalidated.test.ts	server/src/guards/ci/guards-are-cache-invalidated.test.ts
packages/server/src/tools/guidance-commands-run.test.ts	server/src/guards/docs/guidance-commands-run.test.ts
packages/server/src/tools/harness-kills-only-listeners.test.ts	server/src/guards/harness/harness-kills-only-listeners.test.ts
packages/server/src/tools/heavy-browser-tests-declare-a-timeout.test.ts	server/src/guards/ci/heavy-browser-tests-declare-a-timeout.test.ts
packages/server/src/tools/integration-coverage.test.ts	server/src/guards/harness/integration-coverage.test.ts
packages/server/src/tools/invoke-tool.test.ts	server/src/surface/tools/invoke-tool.test.ts
packages/server/src/tools/invoke-tool.ts	server/src/surface/tools/invoke-tool.ts
packages/server/src/tools/lean-surface.test.ts	server/src/surface/tools/lean-surface.test.ts
packages/server/src/tools/lease-adopted-id.test.ts	server/src/surface/tools/lease-adopted-id.test.ts
packages/server/src/tools/lease-hint-evidence.test.ts	server/src/surface/tools/lease-hint-evidence.test.ts
packages/server/src/tools/lease-hint.test.ts	server/src/surface/tools/lease-hint.test.ts
packages/server/src/tools/lease-hint.ts	server/src/surface/tools/lease-hint.ts
packages/server/src/tools/lease-navigate.test.ts	server/src/surface/tools/lease-navigate.test.ts
packages/server/src/tools/lease-tools.test.ts	server/src/surface/tools/lease-tools.test.ts
packages/server/src/tools/lease-tools.ts	server/src/surface/tools/lease-tools.ts
packages/server/src/tools/lineage-tools.ts	server/src/surface/tools/lineage-tools.ts
packages/server/src/tools/matrix-freshness.test.ts	server/src/guards/ci/matrix-freshness.test.ts
packages/server/src/tools/merge-tools.test.ts	server/src/surface/tools/merge-tools.test.ts
packages/server/src/tools/merge-tools.ts	server/src/surface/tools/merge-tools.ts
packages/server/src/tools/merged-name-redirect.test.ts	server/src/surface/tools/merged-name-redirect.test.ts
packages/server/src/tools/merged-name-redirect.ts	server/src/surface/tools/merged-name-redirect.ts
packages/server/src/tools/meta-tool-discoverability.test.ts	server/src/surface/tools/meta-tool-discoverability.test.ts
packages/server/src/tools/native-input-refusal.test.ts	server/src/surface/tools/native-input-refusal.test.ts
packages/server/src/tools/navigate-arrival.test.ts	server/src/surface/tools/act/navigation/navigate-arrival.test.ts
packages/server/src/tools/navigate-arrival.ts	server/src/surface/tools/act/navigation/navigate-arrival.ts
packages/server/src/tools/navigate-honesty.test.ts	server/src/surface/tools/navigate-honesty.test.ts
packages/server/src/tools/navigate-result.ts	server/src/surface/tools/act/navigation/navigate-result.ts
packages/server/src/tools/navigate-timeout.test.ts	server/src/surface/tools/navigate-timeout.test.ts
packages/server/src/tools/network-bodies.test.ts	server/src/surface/tools/network-bodies.test.ts
packages/server/src/tools/numeric-args-are-bounded.test.ts	server/src/surface/tools/numeric-args-are-bounded.test.ts
packages/server/src/tools/numeric-bounds.test.ts	server/src/surface/tools/args/numeric-bounds.test.ts
packages/server/src/tools/numeric-bounds.ts	server/src/surface/tools/args/numeric-bounds.ts
packages/server/src/tools/observe-act-attribution.test.ts	server/src/surface/tools/observe-act-attribution.test.ts
packages/server/src/tools/observe-tools.ts	server/src/surface/tools/observe-tools.ts
packages/server/src/tools/observed-nothing.test.ts	server/src/surface/tools/gaps/observed-nothing.test.ts
packages/server/src/tools/observed-nothing.ts	server/src/surface/tools/gaps/observed-nothing.ts
packages/server/src/tools/output-schema.test.ts	server/src/surface/tools/output-schema.test.ts
packages/server/src/tools/package-payload.test.ts	server/src/guards/release/package-payload.test.ts
packages/server/src/tools/predicate-grammar.test.ts	server/src/surface/tools/predicate-grammar.test.ts
packages/server/src/tools/predicate-vocabulary.test.ts	server/src/surface/tools/predicate-vocabulary.test.ts
packages/server/src/tools/published-skill-artifacts.test.ts	server/src/guards/release/published-skill-artifacts.test.ts
packages/server/src/tools/query-forwarding.test.ts	server/src/surface/tools/query-forwarding.test.ts
packages/server/src/tools/query-paginate.test.ts	server/src/surface/tools/read/query-paginate.test.ts
packages/server/src/tools/query-paginate.ts	server/src/surface/tools/read/query-paginate.ts
packages/server/src/tools/query-shape.test.ts	server/src/surface/tools/read/query-shape.test.ts
packages/server/src/tools/query-shape.ts	server/src/surface/tools/read/query-shape.ts
packages/server/src/tools/query-strategy.test.ts	server/src/surface/tools/query-strategy.test.ts
packages/server/src/tools/react-grace.test.ts	server/src/surface/tools/act/react-grace.test.ts
packages/server/src/tools/react-grace.ts	server/src/surface/tools/act/react-grace.ts
packages/server/src/tools/read-tools.state.test.ts	server/src/surface/tools/read-tools.state.test.ts
packages/server/src/tools/read-tools.storage.test.ts	server/src/surface/tools/read-tools.storage.test.ts
packages/server/src/tools/read-tools.test.ts	server/src/surface/tools/read-tools.test.ts
packages/server/src/tools/read-tools.ts	server/src/surface/tools/read-tools.ts
packages/server/src/tools/real-input-attempt.ts	server/src/surface/tools/real-input-attempt.ts
packages/server/src/tools/reconcile-tools.test.ts	server/src/surface/tools/reconcile-tools.test.ts
packages/server/src/tools/reconcile-tools.ts	server/src/surface/tools/reconcile-tools.ts
packages/server/src/tools/record-stop-backtrack.test.ts	server/src/surface/tools/record-stop-backtrack.test.ts
packages/server/src/tools/record-stop-budget.test.ts	server/src/surface/tools/record-stop-budget.test.ts
packages/server/src/tools/refusal-reason.test.ts	server/src/surface/tools/refusal-reason.test.ts
packages/server/src/tools/refused-act-leaves-nothing.test.ts	server/src/surface/tools/refused-act-leaves-nothing.test.ts
packages/server/src/tools/reload-result.test.ts	server/src/surface/tools/act/navigation/reload-result.test.ts
packages/server/src/tools/reload-result.ts	server/src/surface/tools/act/navigation/reload-result.ts
packages/server/src/tools/resolve-target.test.ts	server/src/surface/tools/act/resolve-target.test.ts
packages/server/src/tools/resolve-target.ts	server/src/surface/tools/act/resolve-target.ts
packages/server/src/tools/retired-profile-docs.test.ts	server/src/surface/tools/retired-profile-docs.test.ts
packages/server/src/tools/run-session-id.test.ts	server/src/surface/tools/run-session-id.test.ts
packages/server/src/tools/sdk-marker-probe.test.ts	server/src/surface/tools/gaps/sdk-marker-probe.test.ts
packages/server/src/tools/sdk-marker-probe.ts	server/src/surface/tools/gaps/sdk-marker-probe.ts
packages/server/src/tools/sessions-attachment.test.ts	server/src/surface/tools/sessions-attachment.test.ts
packages/server/src/tools/sessions-why.test.ts	server/src/surface/tools/sessions-why.test.ts
packages/server/src/tools/settle-ignores-departure.test.ts	server/src/surface/tools/settle-ignores-departure.test.ts
packages/server/src/tools/settle-in-flight-dev-tooling.test.ts	server/src/surface/tools/settle-in-flight-dev-tooling.test.ts
packages/server/src/tools/settle-in-flight.test.ts	server/src/surface/tools/act/settle-in-flight.test.ts
packages/server/src/tools/settle-in-flight.ts	server/src/surface/tools/act/settle-in-flight.ts
packages/server/src/tools/shipped-prose-drift.test.ts	server/src/surface/tools/shipped-prose-drift.test.ts
packages/server/src/tools/snapshot-cost.test.ts	server/src/surface/tools/snapshot-cost.test.ts
packages/server/src/tools/snapshot-delta-roundtrip.test.ts	server/src/surface/tools/snapshot-delta-roundtrip.test.ts
packages/server/src/tools/snapshot-delta.actionable.test.ts	server/src/surface/tools/snapshot-delta.actionable.test.ts
packages/server/src/tools/snapshot-delta.test.ts	server/src/surface/tools/read/snapshot-delta.test.ts
packages/server/src/tools/snapshot-delta.ts	server/src/surface/tools/read/snapshot-delta.ts
packages/server/src/tools/snapshot-hidden-note.test.ts	server/src/surface/tools/snapshot-hidden-note.test.ts
packages/server/src/tools/snapshot-unmounted-note.test.ts	server/src/surface/tools/snapshot-unmounted-note.test.ts
packages/server/src/tools/storage-vocabulary.test.ts	server/src/surface/tools/storage-vocabulary.test.ts
packages/server/src/tools/surface-consistency.test.ts	server/src/surface/tools/surface-consistency.test.ts
packages/server/src/tools/surface-reachability.test.ts	server/src/surface/tools/surface-reachability.test.ts
packages/server/src/tools/surface-sizes.test.ts	server/src/surface/tools/surface-sizes.test.ts
packages/server/src/tools/tool-allowlists-complete.test.ts	server/src/surface/tools/tool-allowlists-complete.test.ts
packages/server/src/tools/tool-deps-ext.test.ts	server/src/surface/tools/tool-deps-ext.test.ts
packages/server/src/tools/tool-examples.test.ts	server/src/surface/tools/tool-examples.test.ts
packages/server/src/tools/tool-invoker.test.ts	server/src/surface/tools/tool-invoker.test.ts
packages/server/src/tools/tool-invoker.ts	server/src/surface/tools/tool-invoker.ts
packages/server/src/tools/tool-kit.ts	server/src/surface/tools/tool-kit.ts
packages/server/src/tools/tool-names.ts	core/src/wire/tool-names.ts
packages/server/src/tools/tool-surface.test.ts	server/src/surface/tools/tool-surface.test.ts
packages/server/src/tools/tools-helpers.ts	server/src/surface/tools/tools-helpers.ts
packages/server/src/tools/tools.assert-advice.test.ts	server/src/surface/tools/tools.assert-advice.test.ts
packages/server/src/tools/tools.contract.test.ts	server/src/surface/tools/tools.contract.test.ts
packages/server/src/tools/tools.near-miss.test.ts	server/src/surface/tools/tools.near-miss.test.ts
packages/server/src/tools/tools.query-attrs.test.ts	server/src/surface/tools/tools.query-attrs.test.ts
packages/server/src/tools/tools.ts	server/src/surface/tools/tools.ts
packages/server/src/tools/unadvertised-help.test.ts	server/src/surface/tools/unadvertised-help.test.ts
packages/server/src/tools/unadvertised-help.ts	server/src/surface/tools/unadvertised-help.ts
packages/server/src/tools/upload-path-rewrite.test.ts	server/src/surface/tools/upload-path-rewrite.test.ts
packages/server/src/tools/verify-next-baton.test.ts	server/src/surface/tools/verify-next-baton.test.ts
packages/server/src/tools/verify-next-baton.ts	server/src/surface/tools/verify-next-baton.ts
packages/server/src/tools/vocabulary-enforced.test.ts	server/src/surface/tools/vocabulary-enforced.test.ts
packages/server/src/tools/wrong-tab-ref.test.ts	server/src/surface/tools/wrong-tab-ref.test.ts
packages/server/src/trace.test.ts	server/src/trace.test.ts
packages/server/src/trace.ts	server/src/trace.ts
packages/server/src/update/nudge-credit.test.ts	server/src/command/update/nudge-credit.test.ts
packages/server/src/update/nudge-credit.ts	server/src/command/update/nudge-credit.ts
packages/server/src/update/reticle-deps.ts	server/src/memory/project/reticle-deps.ts
packages/server/src/update/sdk-sync.test.ts	server/src/command/update/sdk-sync.test.ts
packages/server/src/update/sdk-sync.ts	server/src/command/update/sdk-sync.ts
packages/server/src/update/update-checker.test.ts	server/src/command/update/update-checker.test.ts
packages/server/src/update/update-checker.ts	server/src/command/update/update-checker.ts
packages/server/src/update/update-nudge-content.test.ts	server/src/command/update/update-nudge-content.test.ts
packages/server/src/update/update-nudge.arm.test.ts	server/src/command/update/update-nudge.arm.test.ts
packages/server/src/update/update-nudge.ts	server/src/command/update/update-nudge.ts
packages/server/src/update/updater.test.ts	server/src/command/update/updater.test.ts
packages/server/src/update/updater.ts	server/src/command/update/updater.ts
packages/server/src/version/peer-announce.ts	server/src/command/version/peer-announce.ts
packages/server/src/version/release-artifacts.test.ts	server/src/command/version/release-artifacts.test.ts
packages/server/src/version/sdk-fix.test.ts	server/src/command/version/sdk-fix.test.ts
packages/server/src/version/sdk-fix.ts	server/src/command/version/sdk-fix.ts
packages/server/src/version/skew-remedy.test.ts	server/src/command/version/skew-remedy.test.ts
packages/server/src/version/version-lockstep.test.ts	server/src/command/version/version-lockstep.test.ts
packages/server/src/version/version-nudge.test.ts	server/src/command/version/version-nudge.test.ts
packages/server/src/version/version-nudge.ts	server/src/command/version/version-nudge.ts
packages/server/src/version/version-skew.delivery.test.ts	server/src/command/version/version-skew.delivery.test.ts
packages/server/src/version/version-skew.test.ts	server/src/command/version/version-skew.test.ts
packages/server/src/version/version-skew.ts	server/src/command/version/version-skew.ts
packages/server/src/visual/capture-cleanup.test.ts	server/src/features/visual/capture-cleanup.test.ts
packages/server/src/visual/capture-cleanup.ts	server/src/features/visual/capture-cleanup.ts
packages/server/src/visual/capture-path.test.ts	server/src/features/visual/capture-path.test.ts
packages/server/src/visual/visual-diff.test.ts	server/src/features/visual/visual-diff.test.ts
packages/server/src/visual/visual-diff.ts	server/src/features/visual/visual-diff.ts
packages/server/src/visual/visual-store.test.ts	server/src/features/visual/visual-store.test.ts
packages/server/src/visual/visual-store.ts	server/src/features/visual/visual-store.ts
packages/server/src/visual/visual-tools.test.ts	server/src/features/visual/visual-tools.test.ts
packages/server/src/visual/visual-tools.ts	server/src/features/visual/visual-tools.ts
packages/server/vitest.config.ts	init/vitest.config.ts
packages/tauri/Cargo.lock	adapters/realm/tauri/Cargo.lock
packages/tauri/Cargo.toml	adapters/realm/tauri/Cargo.toml
packages/tauri/README.md	adapters/realm/tauri/README.md
packages/tauri/src/capture.rs	adapters/realm/tauri/src/capture.rs
packages/tauri/src/capture/linux.rs	adapters/realm/tauri/src/capture/linux.rs
packages/tauri/src/capture/macos.rs	adapters/realm/tauri/src/capture/macos.rs
packages/tauri/src/capture/windows.rs	adapters/realm/tauri/src/capture/windows.rs
packages/tauri/src/lib.rs	adapters/realm/tauri/src/lib.rs
packages/test/LICENSE	spec-runner/LICENSE
packages/test/README.md	spec-runner/README.md
packages/test/package.json	spec-runner/package.json
packages/test/src/boot.ts	spec-runner/src/boot.ts
packages/test/src/clock.test.ts	spec-runner/src/context/clock.test.ts
packages/test/src/clock.ts	spec-runner/src/context/clock.ts
packages/test/src/constants.ts	spec-runner/src/outcome/constants.ts
packages/test/src/flow-spec.test.ts	spec-runner/src/flow-spec.test.ts
packages/test/src/flow-spec.ts	spec-runner/src/flow-spec.ts
packages/test/src/index.ts	spec-runner/src/index.ts
packages/test/src/input-mode.test.ts	spec-runner/src/context/input-mode.test.ts
packages/test/src/input-mode.ts	spec-runner/src/context/input-mode.ts
packages/test/src/junit.char-range.test.ts	spec-runner/src/junit.char-range.test.ts
packages/test/src/junit.test.ts	spec-runner/src/junit.test.ts
packages/test/src/junit.ts	spec-runner/src/junit.ts
packages/test/src/matchers.absent.test.ts	spec-runner/src/matchers.absent.test.ts
packages/test/src/matchers.element.test.ts	spec-runner/src/matchers.element.test.ts
packages/test/src/matchers.net.test.ts	spec-runner/src/matchers.net.test.ts
packages/test/src/matchers.signal.test.ts	spec-runner/src/matchers.signal.test.ts
packages/test/src/matchers.ts	spec-runner/src/context/matchers.ts
packages/test/src/register.test.ts	spec-runner/src/register.test.ts
packages/test/src/register.ts	spec-runner/src/register.ts
packages/test/src/registry.test.ts	spec-runner/src/registry.test.ts
packages/test/src/registry.ts	spec-runner/src/registry.ts
packages/test/src/resolve.test.ts	spec-runner/src/context/resolve.test.ts
packages/test/src/resolve.ts	spec-runner/src/context/resolve.ts
packages/test/src/runner.snapshot.test.ts	spec-runner/src/runner.snapshot.test.ts
packages/test/src/runner.test.ts	spec-runner/src/runner.test.ts
packages/test/src/runner.ts	spec-runner/src/runner.ts
packages/test/src/skip.ts	spec-runner/src/outcome/skip.ts
packages/test/src/spec-types.test.ts	spec-runner/src/spec-types.test.ts
packages/test/src/spec.ts	spec-runner/src/spec.ts
packages/test/src/success-assert.test.ts	spec-runner/src/outcome/success-assert.test.ts
packages/test/src/success-assert.ts	spec-runner/src/outcome/success-assert.ts
packages/test/src/summary.test.ts	spec-runner/src/summary.test.ts
packages/test/src/summary.ts	spec-runner/src/summary.ts
packages/test/src/test-context.act.test.ts	spec-runner/src/test-context.act.test.ts
packages/test/src/test-context.ts	spec-runner/src/test-context.ts
packages/test/src/types.ts	spec-runner/src/types.ts
packages/test/src/verified-gate.test.ts	spec-runner/src/verified-gate.test.ts
packages/vite-plugin/LICENSE	adapters/realm/electron/LICENSE
packages/vite-plugin/NOTICE	init/NOTICE
packages/vite-plugin/README.md	adapters/build/vite/README.md
packages/vite-plugin/package.json	adapters/build/vite/package.json
packages/vite-plugin/scripts/build-cjs.mjs	adapters/build/vite/scripts/build-cjs.mjs
packages/vite-plugin/src/announce.integration.test.ts	adapters/build/vite/src/announce.integration.test.ts
packages/vite-plugin/src/announce.test.ts	adapters/build/vite/src/announce.test.ts
packages/vite-plugin/src/announce.ts	adapters/build/vite/src/announce.ts
packages/vite-plugin/src/build.integration.test.ts	adapters/build/vite/src/build.integration.test.ts
packages/vite-plugin/src/cjs-deps-resolvable.test.ts	adapters/build/vite/src/cjs-deps-resolvable.test.ts
packages/vite-plugin/src/cjs-loadable.test.ts	adapters/build/vite/src/cjs-loadable.test.ts
packages/vite-plugin/src/connect-module-stability.test.ts	adapters/build/vite/src/connect-module-stability.test.ts
packages/vite-plugin/src/connect-url-respects-base.test.ts	adapters/build/vite/src/connect-url-respects-base.test.ts
packages/vite-plugin/src/define-warning.integration.test.ts	adapters/build/vite/src/define-warning.integration.test.ts
packages/vite-plugin/src/discover-port.test.ts	adapters/build/vite/src/discover-port.test.ts
packages/vite-plugin/src/discover-port.ts	adapters/build/vite/src/discover-port.ts
packages/vite-plugin/src/ensure-token.test.ts	adapters/build/vite/src/token/ensure-token.test.ts
packages/vite-plugin/src/ensure-token.ts	adapters/build/vite/src/token/ensure-token.ts
packages/vite-plugin/src/hot-update-wiring.test.ts	adapters/build/vite/src/hot-update-wiring.test.ts
packages/vite-plugin/src/index.test.ts	adapters/build/vite/src/index.test.ts
packages/vite-plugin/src/index.ts	adapters/build/vite/src/index.ts
packages/vite-plugin/src/installed.test.ts	adapters/build/vite/src/installed.test.ts
packages/vite-plugin/src/installed.ts	adapters/build/vite/src/installed.ts
packages/vite-plugin/src/missing-token.test.ts	adapters/build/vite/src/token/missing-token.test.ts
packages/vite-plugin/src/missing-token.ts	adapters/build/vite/src/token/missing-token.ts
packages/vite-plugin/src/orphan-modules.test.ts	adapters/build/vite/src/orphan-modules.test.ts
packages/vite-plugin/src/state-home.ts	adapters/build/vite/src/state-home.ts
packages/vite-plugin/src/svelte-source.test.ts	adapters/build/vite/src/svelte-source.test.ts
packages/vite-plugin/src/svelte-source.ts	adapters/build/vite/src/svelte-source.ts
packages/vite-plugin/src/turbo-cache.test.ts	adapters/build/vite/src/turbo-cache.test.ts
packages/vite-plugin/src/vite-types-assignable.test.ts	adapters/build/vite/src/vite-types-assignable.test.ts
packages/vite-plugin/src/vitest-browser.ts	adapters/build/vite/src/vitest-browser.ts
packages/vite-plugin/src/vitest-no-inject.test.ts	adapters/build/vite/src/vitest-no-inject.test.ts
packages/vite-plugin/src/watch-ignore.ts	adapters/build/vite/src/watch-ignore.ts
packages/vite-plugin/tsconfig.json	adapters/build/vite/tsconfig.json
packages/vite-plugin/turbo.json	adapters/build/vite/turbo.json
